#{"t_start": 1752887272.852159, "env_id": "None"}
r,l,t,reason
-1.719625,99,26.078424,collision
2.972905,184,68.173853,goal_reached
0.721908,291,132.093218,goal_reached
-0.68922,368,211.443782,goal_reached
1.076622,251,267.328604,goal_reached
1.662198,229,318.582289,goal_reached
1.249294,254,374.981584,goal_reached
-0.938782,364,453.536894,goal_reached
-1.246558,64,471.630117,collision
3.04577,170,510.9313,goal_reached
2.080294,209,558.243861,goal_reached
-0.550835,127,589.061814,collision
1.145812,255,645.662169,goal_reached
-1.262938,194,689.964422,collision
1.01833,262,747.865135,goal_reached
3.207755,182,789.689762,goal_reached
2.776233,198,834.816527,goal_reached
1.291924,272,894.906606,goal_reached
1.614991,233,947.096014,goal_reached
0.358607,276,1007.840045,goal_reached
-1.959943,177,1048.714836,collision
-0.100616,296,1113.575799,goal_reached
-2.338715,305,23701.148917,collision
2.374748,222,23750.979258,goal_reached
-2.104749,415,23839.900414,goal_reached
2.226865,217,23888.787704,goal_reached
2.104036,215,23937.32408,goal_reached
-0.784092,192,23981.30535,collision
-0.258157,152,24016.984003,collision
-0.295829,135,24049.272539,collision
-3.366195,253,24105.368497,collision
0.194809,360,24183.11555,goal_reached
2.171472,214,24231.463774,goal_reached
-4.699172,401,24317.484957,collision
1.33453,236,24370.146354,goal_reached
2.28878,218,24419.268919,goal_reached
2.319232,210,24466.764008,goal_reached
0.725596,300,24532.465978,goal_reached
-0.22606,116,24561.141754,collision
-2.445189,191,24604.881868,collision
2.566331,200,24650.249968,goal_reached
3.383999,163,24688.30604,goal_reached
1.929847,213,24736.454794,goal_reached
-0.842959,283,26274.478918,collision
2.947616,162,26312.156157,goal_reached
-0.555406,108,26339.143663,collision
0.266154,318,26408.296816,goal_reached
-2.063538,429,26500.027913,goal_reached
-1.60014,224,26550.340781,collision
-0.133988,350,26625.961338,goal_reached
2.396749,215,26674.464017,goal_reached
-0.256747,251,26730.289898,collision
2.544603,185,26772.716939,goal_reached
-0.662652,43,26786.549924,collision
2.741659,197,26831.27215,goal_reached
2.888684,189,26874.555011,goal_reached
1.761714,254,26930.964307,goal_reached
-4.575873,299,26996.346369,collision
0.903463,341,27070.223751,goal_reached
3.21907,178,27111.24551,goal_reached
0.864107,279,27172.656864,goal_reached
-1.663025,223,27222.792526,collision
1.726206,223,27272.798618,goal_reached
0.517055,284,27335.262714,goal_reached
2.30095,246,30156.139095,goal_reached
2.626487,201,30201.90308,goal_reached
2.573659,201,30247.584533,goal_reached
0.181441,325,30318.285995,goal_reached
-5.379374,314,30386.804257,no_progress
0.622577,149,30422.043709,collision
-2.277708,229,30473.234572,collision
1.388421,268,30532.284899,goal_reached
-0.516916,180,30573.746565,collision
3.020756,175,30614.142826,goal_reached
0.727978,291,30678.007517,goal_reached
2.291167,199,30723.327405,goal_reached
1.796414,201,30769.060863,goal_reached
1.298581,266,30827.868763,goal_reached
-1.654715,134,30859.990084,collision
3.281586,163,30897.888497,goal_reached
2.468378,221,30947.686508,goal_reached
-1.824053,151,30983.230853,collision
-1.652751,161,31020.787726,collision
1.189166,278,31081.908005,goal_reached
3.210057,178,31122.922925,goal_reached
2.81198,207,31169.7943,goal_reached
3.115621,178,31210.854839,goal_reached
-2.656759,331,31978.176152,collision
2.471086,188,32021.288413,goal_reached
1.994163,231,32073.049953,goal_reached
3.168806,142,32106.876703,goal_reached
2.34893,242,32160.829384,goal_reached
0.030226,325,32231.64894,goal_reached
-1.542266,185,32274.161897,collision
1.599966,259,32331.490679,goal_reached
3.519688,168,32370.517766,goal_reached
1.980392,246,32425.325913,goal_reached
1.530857,269,32484.757774,goal_reached
-2.354189,189,32528.20489,collision
1.688451,208,32575.305491,goal_reached
1.655472,256,32632.168895,goal_reached
0.163827,360,32709.976563,goal_reached
3.037612,181,32751.671552,goal_reached
-2.726762,246,32806.405455,collision
1.242803,274,32866.783585,goal_reached
3.127053,171,32906.50754,goal_reached
1.133719,260,32964.071396,goal_reached
2.390079,196,33008.785513,goal_reached
-1.337346,469,33920.125319,goal_reached
2.256771,223,33970.279334,goal_reached
-0.521412,321,34040.2227,goal_reached
2.130434,215,34088.778984,goal_reached
2.698698,176,34129.446716,goal_reached
0.983426,259,34186.821986,goal_reached
-3.391474,246,34241.613518,collision
1.37383,267,34300.504647,goal_reached
1.660561,199,34345.759074,goal_reached
0.028125,314,34414.344024,goal_reached
1.462161,207,34461.250689,goal_reached
1.319253,210,34508.795099,goal_reached
-0.663552,130,34540.177217,collision
-3.904145,283,34602.333939,collision
1.473644,227,34653.218532,goal_reached
-0.654836,331,34725.09389,goal_reached
-1.439991,439,34818.940791,goal_reached
-1.585294,122,34848.72461,collision
2.618728,169,34887.886118,goal_reached
-1.880755,224,34938.321938,collision
-1.040209,120,34967.6763,collision
2.636131,249,36297.125265,goal_reached
-1.327319,376,36378.250341,goal_reached
-1.42836,222,36428.166708,collision
1.971901,279,36489.53904,goal_reached
2.786489,173,36529.542108,goal_reached
-1.979445,229,36580.928824,collision
-1.073901,425,36671.799247,goal_reached
-0.319004,78,36692.678678,collision
-0.699093,167,36731.459857,collision
0.956807,268,36790.624654,goal_reached
2.592398,193,36834.749053,goal_reached
-3.129765,258,36891.951922,collision
1.175845,245,36946.459071,goal_reached
0.660397,258,37003.708441,goal_reached
-2.006068,120,37033.162057,collision
1.831479,210,37080.63758,goal_reached
2.999109,160,37118.088458,goal_reached
1.89883,221,37167.845026,goal_reached
1.057548,249,37223.243882,goal_reached
-1.215734,143,37257.334732,collision
-0.485181,124,37287.536701,collision
-0.797784,195,37331.960024,collision
-1.298172,132,37363.642604,collision
-5.307335,424,38454.812684,no_progress
-0.963751,294,38519.257822,goal_reached
-0.465051,178,38560.43573,collision
-0.585637,101,38585.927072,collision
2.981932,174,38626.114144,goal_reached
0.702429,309,38693.68166,goal_reached
-0.063889,90,38716.982317,collision
1.059661,297,38781.983972,goal_reached
-2.452648,228,38832.982997,no_progress
-3.151507,288,38895.770872,no_progress
0.074659,270,38955.369125,goal_reached
2.416201,248,39010.583473,goal_reached
1.189894,254,39066.938356,goal_reached
-1.011666,192,39110.836222,collision
-0.447073,316,39179.595043,goal_reached
1.731836,220,39229.113825,goal_reached
-0.209276,294,39293.629948,goal_reached
-0.204332,106,39320.155866,collision
0.23587,359,39397.662446,no_progress
-0.921402,116,39426.066957,collision
-0.434524,318,39495.282563,goal_reached
-1.482871,127,40628.132553,collision
1.41562,218,40677.228179,goal_reached
1.010702,271,40737.06526,goal_reached
-4.821761,429,40828.682898,collision
0.201924,289,40891.968688,goal_reached
2.271038,197,40936.857524,goal_reached
-1.320356,367,41015.989304,goal_reached
-0.861583,98,41041.030581,collision
-0.899213,137,41073.805319,collision
0.121629,298,41139.008825,goal_reached
-3.377751,230,41190.582738,collision
-2.625243,241,41244.281862,collision
0.526348,276,41305.096357,goal_reached
1.405059,232,41357.101257,goal_reached
-2.990588,253,41413.347605,collision
1.809027,214,41461.597757,goal_reached
-3.26891,479,41563.35546,goal_reached
-1.015655,140,41596.729139,collision
-0.753161,171,41636.256694,collision
-2.594807,542,42483.376694,goal_reached
-3.740283,242,42537.397645,collision
-0.977805,64,42555.513163,collision
-0.976639,253,42611.638973,collision
1.602064,262,42669.675083,goal_reached
-0.80394,188,42712.807232,collision
2.700111,167,42751.553315,goal_reached
0.899295,237,42804.518289,goal_reached
2.830265,186,42847.24413,goal_reached
2.098587,226,42898.047377,goal_reached
2.87351,175,42938.548297,goal_reached
1.61341,223,42988.668914,goal_reached
-1.110165,120,43018.039227,collision
1.082711,368,43097.344231,goal_reached
-1.547931,89,43120.497878,collision
-0.681344,310,43188.084123,goal_reached
0.571894,284,43250.420961,goal_reached
-1.519088,85,43272.579953,collision
-2.577121,217,43321.42173,collision
-0.99707,260,43379.003288,goal_reached
1.113692,292,43442.935394,goal_reached
1.818063,208,43490.042076,goal_reached
2.70716,170,43529.537221,goal_reached
-0.91545,418,44140.311227,goal_reached
-4.349497,353,44216.750226,collision
-1.712963,217,44265.818441,collision
-0.01277,293,44330.072643,goal_reached
-2.909829,387,44413.297581,no_progress
0.984454,216,44462.037257,goal_reached
-0.158685,58,44478.866255,collision
-1.347992,465,44577.817803,no_progress
1.274232,223,44627.978785,goal_reached
-2.297788,422,44718.317743,goal_reached
-1.060357,172,44758.177558,collision
-0.671733,299,44823.52629,goal_reached
1.117368,251,44879.44641,goal_reached
-2.292385,258,44936.707452,collision
3.236655,141,44970.190802,goal_reached
1.329449,238,45023.390764,goal_reached
2.626708,164,45061.692335,goal_reached
2.150358,235,45114.327582,goal_reached
-0.469541,166,45153.009897,collision
-3.326564,543,46971.029,goal_reached
-4.157951,247,47026.11847,collision
-3.139658,662,47164.876452,goal_reached
-6.528778,476,47266.094904,collision
-1.392364,169,47305.266292,collision
2.230541,175,47345.716286,goal_reached
0.237098,329,47417.335548,goal_reached
2.001501,226,47468.09994,goal_reached
1.864431,218,47517.354946,goal_reached
0.557391,286,47580.339491,goal_reached
3.060853,157,47617.199453,goal_reached
-0.694923,103,47643.052953,collision
-0.474979,284,47705.425411,no_progress
0.231002,94,47729.613307,collision
1.013121,295,47794.295109,goal_reached
0.649544,210,47841.782421,goal_reached
1.78574,201,47887.591007,goal_reached
0.035757,340,47961.629979,goal_reached
-0.455274,371,48915.860021,goal_reached
3.434383,160,48953.273521,goal_reached
-2.267566,161,48990.892012,collision
2.829932,175,49031.282207,goal_reached
2.431513,184,49073.527186,goal_reached
2.493525,178,49114.601735,goal_reached
0.773911,238,49167.806161,goal_reached
1.479359,268,49227.14632,goal_reached
2.451723,168,49266.297982,goal_reached
2.854375,169,49305.569616,goal_reached
2.079535,240,49359.261722,goal_reached
2.981013,154,49395.536488,goal_reached
1.038581,259,49452.885055,goal_reached
2.543109,154,49489.127851,goal_reached
2.825657,174,49529.395631,goal_reached
-3.013132,211,49577.142482,collision
1.577272,207,49624.033179,goal_reached
-0.427309,307,49691.217255,goal_reached
-1.714545,178,49732.345976,collision
3.213883,125,49762.637949,goal_reached
3.019264,135,49794.993968,goal_reached
-0.786021,201,49840.864249,collision
0.619532,284,49903.315272,goal_reached
0.890147,238,49956.543576,goal_reached
0.004307,67,49975.197093,collision
-0.529872,99,50000.24262,collision
-0.378679,360,50762.469829,goal_reached
-1.849159,182,50804.388093,collision
2.320624,212,50852.304585,goal_reached
-1.468762,167,50891.230571,collision
1.186815,234,50943.616826,goal_reached
0.949196,257,51000.741789,goal_reached
0.36624,312,51068.876103,goal_reached
2.479644,188,51111.955286,goal_reached
2.670192,189,51155.250224,goal_reached
-2.239589,182,51197.052853,collision
-1.317475,183,51239.125963,collision
-1.514178,99,51264.171562,collision
-0.160102,110,51291.492469,collision
-0.584905,173,51331.724259,collision
-3.263717,304,51398.410683,no_progress
-0.641548,163,51436.518702,collision
-4.606073,327,51507.611961,collision
2.474877,198,51552.621016,goal_reached
0.896956,257,51609.746211,goal_reached
2.041184,189,51653.05917,goal_reached
-0.392149,86,51675.564335,collision
-1.825186,257,51732.61152,collision
2.139727,199,51777.988616,goal_reached
-3.115521,208,51825.234331,collision
1.532579,303,53085.270938,goal_reached
0.508981,295,53150.057905,goal_reached
-0.988162,60,53167.311223,collision
-0.711183,383,53249.780166,goal_reached
1.269796,253,53305.995229,goal_reached
-6.233574,384,53388.800076,collision
1.351529,221,53438.548702,goal_reached
-2.05838,253,53494.878278,collision
-3.923994,296,53559.625612,collision
-0.604442,108,53586.418593,collision
3.235362,117,53615.06897,goal_reached
-0.885476,131,53646.63393,collision
-2.387194,190,53690.138379,collision
-1.275707,176,53730.792754,collision
1.198143,195,53775.27518,goal_reached
-1.01371,125,53805.633351,collision
-0.295944,96,53830.029871,collision
3.324866,155,53866.35539,goal_reached
2.366452,165,53904.821655,goal_reached
-2.909997,301,53970.786119,collision
0.498959,126,54001.312367,collision
-1.068074,141,54034.898328,collision
3.009943,132,54066.579207,goal_reached
-0.434966,60,54083.834353,collision
-2.129627,354,54160.393529,goal_reached
-0.512656,194,55094.014858,collision
0.851478,241,55147.718174,goal_reached
3.479632,165,55186.242347,goal_reached
3.055221,166,55224.901109,goal_reached
2.054312,188,55268.047231,goal_reached
-0.294807,206,55314.822759,collision
-1.365181,102,55340.443018,collision
-1.144888,174,55380.034148,collision
3.167376,134,55412.131345,goal_reached
-0.896156,384,55494.832772,goal_reached
-0.763872,399,55580.540229,goal_reached
2.42291,173,55620.587854,goal_reached
2.440137,158,55657.649251,goal_reached
0.088317,88,55680.534679,collision
-2.523606,446,55775.718501,goal_reached
2.324357,222,55825.687422,goal_reached
2.355527,191,55869.460642,goal_reached
2.44598,162,55907.387699,goal_reached
-0.890454,44,55921.411919,collision
-1.21273,64,55939.427925,collision
0.353939,180,55980.828209,collision
-4.165639,350,56056.679964,no_progress
2.516108,184,56099.03194,goal_reached
1.428073,281,56161.080228,goal_reached
-0.819154,85,56183.401088,collision
-1.748882,263,57130.370805,collision
-1.968743,157,57167.208793,collision
0.403875,245,57221.70969,goal_reached
-1.380398,202,57267.652919,collision
2.785523,188,57310.594304,goal_reached
2.650812,202,57356.535033,goal_reached
1.044819,240,57410.234103,goal_reached
2.603333,169,57449.540864,goal_reached
2.878954,151,57485.22347,goal_reached
2.639168,184,57527.538729,goal_reached
-2.03321,234,57579.955989,collision
-1.212816,201,57625.579434,collision
-2.262707,292,57689.503268,collision
-2.000458,95,57713.723975,collision
3.334635,126,57744.204105,goal_reached
-0.878902,121,57773.805273,collision
-0.858386,136,57806.363894,collision
-0.113232,109,57833.45305,collision
1.946859,188,57876.449445,goal_reached
3.121668,144,57910.665529,goal_reached
-0.738999,148,57945.68694,collision
3.051159,172,57985.436084,goal_reached
2.517708,155,58021.927798,goal_reached
-0.979428,78,58042.861232,collision
2.599589,185,58085.316281,goal_reached
-0.121617,112,58113.051652,collision
1.638396,208,58160.115475,goal_reached
-0.044576,97,58184.831454,collision
2.997428,138,58217.803791,goal_reached
1.802492,277,58730.682187,goal_reached
1.562796,208,58777.839632,goal_reached
3.574478,139,58811.014417,goal_reached
2.697196,192,58854.97582,goal_reached
-8.118177,548,58970.872584,collision
-2.064189,162,59008.666608,collision
3.024615,154,59044.867625,goal_reached
3.676904,128,59075.832859,goal_reached
0.372998,269,59135.293089,goal_reached
3.196986,125,59165.659724,goal_reached
2.514351,172,59205.632478,goal_reached
-3.877903,181,59247.631218,collision
0.749727,101,59273.21471,collision
-0.08952,298,59338.447803,goal_reached
-0.897143,100,59363.943795,collision
-2.515091,326,59434.853496,collision
-4.355874,248,59490.125007,collision
-1.822997,193,59534.249135,collision
2.169624,198,59579.280902,goal_reached
1.949941,194,59623.627557,goal_reached
-0.046585,115,59651.982569,collision
-0.933738,93,59675.786746,collision
2.994013,158,59712.751419,goal_reached
-0.573405,38,59725.600078,collision
-0.116634,351,59801.573441,goal_reached
3.115212,146,59836.229327,goal_reached
3.057555,172,60535.336319,goal_reached
2.26565,185,60577.893724,goal_reached
-2.643693,210,60625.508716,collision
-1.308108,184,60667.72524,collision
3.210847,142,60701.463952,goal_reached
-1.70028,140,60734.866104,collision
-2.04142,140,60768.259543,collision
-0.90566,163,60806.177115,collision
-1.125925,229,60857.653671,collision
-1.950348,149,60892.765104,collision
-1.089057,145,60927.087451,collision
3.619847,118,60955.960681,goal_reached
2.918792,150,60991.459466,goal_reached
2.308575,216,61040.302759,goal_reached
2.148807,164,61078.625388,goal_reached
3.257746,129,61109.885689,goal_reached
2.6476,162,61147.878015,goal_reached
-0.557852,38,61160.714814,collision
3.06261,125,61191.086923,goal_reached
-0.227745,124,61221.23711,collision
-2.617351,222,61271.233531,collision
1.311722,224,61321.565689,goal_reached
-4.994483,340,61395.357352,collision
-0.267285,162,61433.118186,collision
-3.315726,364,61511.815233,collision
2.464129,172,61551.718009,goal_reached
-1.772545,108,61578.684244,collision
-0.47114,87,61601.254528,collision
3.881297,109,61628.351007,goal_reached
-0.650861,123,61658.339673,collision
3.242004,143,62362.691165,goal_reached
0.311033,250,62418.442276,goal_reached
-0.757637,135,62450.929784,collision
2.437102,151,62486.548906,goal_reached
1.537542,170,62526.070643,goal_reached
-0.546803,308,62593.413074,goal_reached
1.939034,192,62637.388606,goal_reached
2.43985,176,62678.087777,goal_reached
-0.423317,134,62710.287292,collision
3.366813,128,62741.190455,goal_reached
0.168644,269,62800.690113,goal_reached
-1.745296,111,62828.307053,collision
-6.52998,497,62933.855431,collision
3.429019,130,62965.212394,goal_reached
2.192443,179,63006.530101,goal_reached
1.873734,216,63055.371628,goal_reached
-0.67886,57,63072.007042,collision
-0.771463,53,63087.732982,collision
2.674762,172,63127.455852,goal_reached
-0.820864,282,63189.632005,goal_reached
2.86086,164,63227.948926,goal_reached
3.438633,139,63261.159919,goal_reached
-1.593448,325,63332.08868,goal_reached
-0.403716,44,63346.173836,collision
-4.524655,231,63398.031427,collision
0.057252,319,63467.658197,goal_reached
1.452529,266,64197.460282,goal_reached
-3.170358,474,64298.380004,goal_reached
3.056846,147,64333.226552,goal_reached
-0.692428,47,64347.903658,collision
-0.141515,62,64365.465046,collision
-0.360923,42,64379.010504,collision
0.012954,146,64413.552449,collision
3.594756,138,64446.606462,goal_reached
-1.082408,67,64465.351893,collision
0.227841,268,64524.65689,goal_reached
-0.365252,118,64553.733216,collision
0.860805,271,64613.537525,goal_reached
2.342008,175,64653.987446,goal_reached
3.205449,123,64684.035089,goal_reached
2.759456,133,64716.093587,goal_reached
0.529109,180,64757.64741,collision
-0.965609,97,64782.337551,collision
3.20166,130,64813.780181,goal_reached
-1.146731,101,64839.306791,collision
-0.389508,44,64853.298819,collision
-0.656768,54,64869.404691,collision
2.630802,146,64904.009115,goal_reached
0.095298,161,64941.706395,collision
2.606333,203,64987.756543,goal_reached
-2.55631,191,65031.48664,collision
1.277739,213,65079.538586,goal_reached
-0.649388,152,65115.544314,collision
-1.196031,100,65140.849919,collision
-0.469508,132,65172.765908,collision
-0.210661,73,65192.627488,collision
1.30428,245,65247.266274,goal_reached
-0.919253,121,65276.870046,collision
-1.29695,65,65295.052716,collision
0.19392,293,65900.582705,goal_reached
-1.006506,123,65930.57589,collision
-0.73667,58,65947.425527,collision
1.88685,185,65989.864779,goal_reached
3.231138,120,66019.230674,goal_reached
-2.051733,166,66057.997725,collision
-1.183837,211,66105.734035,collision
-0.194008,95,66130.069644,collision
-0.434542,83,66152.052491,collision
-0.347063,307,66219.10571,goal_reached
-1.068843,99,66244.24274,collision
3.445256,113,66272.157208,goal_reached
3.019356,130,66303.617133,goal_reached
0.208263,204,66350.06336,goal_reached
-3.76552,357,66427.462793,no_progress
-0.373557,329,66499.183658,goal_reached
2.187984,183,66541.403224,goal_reached
-0.94562,47,66556.104722,collision
-1.03125,54,66572.082773,collision
-2.629331,250,66627.828859,collision
3.283818,132,66659.605099,goal_reached
-0.5843,158,66696.707997,collision
2.302373,181,66738.424952,goal_reached
-0.405556,263,66796.75305,goal_reached
-0.713348,157,66833.616636,collision
2.199051,178,66874.62547,goal_reached
0.792153,294,66939.227579,goal_reached
-1.961961,210,66986.709623,collision
-1.785881,136,67019.451781,collision
3.435588,161,67864.565516,goal_reached
1.773007,203,67910.767355,goal_reached
0.10156,306,67977.907315,goal_reached
1.66814,221,68027.752263,goal_reached
-0.875153,86,68050.300709,collision
-1.34454,124,68080.491058,collision
0.758935,238,68133.638926,goal_reached
-0.333519,57,68150.306362,collision
0.762595,200,68195.788974,goal_reached
2.927616,144,68230.100167,goal_reached
2.858156,151,68265.795822,goal_reached
-0.567564,35,68278.025049,collision
-0.315133,310,68345.722215,goal_reached
2.098867,213,68393.901129,goal_reached
-1.054856,165,68432.474845,collision
3.221624,164,68470.655777,goal_reached
2.953357,137,68503.504151,goal_reached
-1.690238,478,68605.364877,goal_reached
-0.509197,32,68616.998813,collision
-0.02038,51,68632.334938,collision
2.99668,161,68669.936089,goal_reached
-0.214111,114,68698.189059,collision
-0.625275,92,68721.861207,collision
2.284013,157,68758.689775,goal_reached
1.590256,199,68804.131936,goal_reached
-0.359767,36,68816.543988,collision
0.282064,111,68844.068993,collision
-2.467227,133,68875.940716,collision
1.748305,172,68915.682717,goal_reached
-0.819629,59,68932.751589,collision
3.50033,118,68961.676028,goal_reached
-0.212369,97,68986.584985,collision
2.024066,270,69430.807289,goal_reached
-0.40493,44,69444.816552,collision
3.162349,108,69471.656905,goal_reached
2.957069,141,69505.240275,goal_reached
2.325864,195,69549.871242,goal_reached
-0.509207,57,69566.526474,collision
-0.969674,96,69590.997032,collision
1.409495,237,69643.948459,goal_reached
1.632758,207,69690.930508,goal_reached
1.201003,253,69747.256092,goal_reached
-3.909325,292,69811.377853,collision
2.323647,163,69849.519696,goal_reached
2.068301,175,69890.10746,goal_reached
2.757966,149,69925.401758,goal_reached
0.100917,61,69942.921657,collision
-2.220598,141,69976.531596,collision
1.585036,175,70016.960475,goal_reached
-0.423466,34,70029.041527,collision
-0.279646,56,70045.432083,collision
3.149407,134,70077.606933,goal_reached
1.140254,185,70120.125054,goal_reached
3.159,117,70149.016403,goal_reached
3.222997,118,70178.10877,goal_reached
2.1382,180,70219.640443,goal_reached
-0.247746,105,70246.027331,collision
2.451446,162,70283.882494,goal_reached
-2.639719,189,70327.291737,collision
-0.275865,257,70384.261279,goal_reached
-1.187633,162,70422.225327,collision
-0.629039,42,70435.813305,collision
2.653608,140,70469.16776,goal_reached
0.661393,213,70517.345691,goal_reached
2.519213,147,70552.16715,goal_reached
-1.828321,174,71323.950053,collision
3.301511,129,71355.199987,goal_reached
0.20998,58,71372.042117,collision
2.59197,146,71406.565941,goal_reached
-0.547336,40,71419.700848,collision
1.692209,212,71467.675018,goal_reached
2.660999,154,71504.002634,goal_reached
-0.606275,197,71548.922559,collision
-0.336902,78,71569.752954,collision
3.702778,116,71598.311273,goal_reached
-0.288799,51,71613.810778,collision
-0.963023,43,71627.572886,collision
1.498446,181,71669.242698,goal_reached
0.03414,72,71688.984386,collision
-0.549769,134,71721.121367,collision
-0.452989,166,71759.73246,collision
-0.366903,82,71781.371058,collision
-0.193555,111,71808.835321,collision
3.408203,107,71835.569127,goal_reached
-0.4975,34,71847.622128,collision
3.190122,124,71877.796848,goal_reached
0.190643,67,71896.49531,collision
-0.616888,155,71932.952887,collision
3.474545,128,71963.951701,goal_reached
-1.73297,107,71990.7439,collision
1.707407,148,72025.820331,goal_reached
-0.560094,67,72044.547564,collision
-0.287518,81,72066.0016,collision
-0.368085,138,72099.062747,collision
-2.86797,249,72154.489457,collision
-1.512749,91,72177.900704,collision
-0.661719,106,72204.413785,collision
0.246024,101,72229.930494,collision
0.675541,86,72252.484801,collision
0.044878,127,72283.273244,collision
2.944631,167,72322.158259,goal_reached
-0.938757,319,72391.860564,goal_reached
2.313325,171,72431.619376,goal_reached
1.760306,243,72486.036388,goal_reached
-2.713891,208,72965.017786,collision
-0.136125,72,72984.699293,collision
-1.328869,240,73038.239519,collision
-0.325188,47,73052.770717,collision
0.264566,123,73082.684588,collision
2.372073,149,73117.909774,goal_reached
2.545757,135,73150.359334,goal_reached
0.00255,78,73171.315744,collision
-0.374082,109,73198.460222,collision
1.727373,183,73240.508016,goal_reached
-3.020734,319,73310.140465,collision
-0.946403,106,73336.597968,collision
-1.461982,68,73355.381228,collision
2.725317,118,73384.283906,goal_reached
3.049784,118,73413.309366,goal_reached
0.157612,51,73428.773445,collision
0.42724,196,73473.489312,goal_reached
-0.303884,120,73502.787861,collision
3.185148,105,73529.055012,goal_reached
0.494775,65,73547.34846,collision
3.288225,118,73576.332972,goal_reached
-1.970433,438,73670.116218,goal_reached
-1.517903,111,73697.759208,collision
-0.385986,38,73710.502739,collision
-0.506494,139,73743.677737,collision
0.726856,83,73765.557718,collision
-0.769226,37,73778.078449,collision
-4.757836,312,73846.250833,no_progress
-0.963109,68,73865.195318,collision
-0.085434,61,73882.638911,collision
1.723023,156,73919.310086,goal_reached
2.241626,138,73952.350505,goal_reached
3.104035,117,73981.162852,goal_reached
-0.422541,36,73993.686207,collision
-0.281851,35,74006.014302,collision
-0.616376,37,74018.548179,collision
3.284109,128,74049.501448,goal_reached
0.630626,108,74076.516788,collision
3.32513,125,74106.843275,goal_reached
3.592546,120,74136.263093,goal_reached
3.33848,118,74165.278201,goal_reached
2.91644,141,74793.215355,goal_reached
2.791353,130,74824.699184,goal_reached
-0.739083,293,74889.059271,goal_reached
-1.002864,60,74906.264166,collision
-1.737121,132,74938.253343,collision
-0.355669,33,74950.003462,collision
0.079924,58,74966.861922,collision
3.587887,105,74993.103992,goal_reached
0.646899,103,75019.118308,collision
0.673622,222,75069.143941,goal_reached
-0.816137,57,75085.922009,collision
2.896412,130,75117.234432,goal_reached
-0.351978,64,75135.343607,collision
-0.806924,118,75164.316188,collision
3.239399,115,75192.62062,goal_reached
2.659211,138,75225.723354,goal_reached
3.436896,103,75251.68454,goal_reached
1.831322,167,75290.597694,goal_reached
2.751647,130,75322.077824,goal_reached
1.912543,169,75361.432095,goal_reached
1.735368,172,75401.399844,goal_reached
0.972417,241,75455.233501,goal_reached
2.77319,154,75491.568907,goal_reached
2.713362,121,75521.17765,goal_reached
-0.365036,73,75541.06699,collision
-3.642505,271,75601.04818,collision
-0.753852,81,75622.565885,collision
1.438053,165,75661.006208,goal_reached
0.489282,104,75687.15484,collision
1.471711,220,75736.763084,goal_reached
0.215731,106,75763.368013,collision
0.316844,73,75783.206678,collision
0.023977,84,75805.300476,collision
-0.049252,61,75822.863486,collision
-2.468539,175,75863.476176,collision
3.1359,115,75891.939735,goal_reached
2.462079,153,75928.128521,goal_reached
0.285729,108,75955.224289,collision
-0.344563,167,76407.409778,collision
-5.725381,284,76469.934246,collision
-0.211965,42,76483.559294,collision
-0.615769,60,76500.722806,collision
0.834835,84,76522.753973,collision
2.721769,142,76556.560031,goal_reached
2.611409,162,76594.480953,goal_reached
2.401642,160,76632.023515,goal_reached
3.043523,116,76660.630797,goal_reached
-1.682126,325,76731.567892,no_progress
2.041671,217,76780.591506,goal_reached
0.639237,94,76804.736362,collision
-0.283776,39,76817.662227,collision
3.35389,112,76845.404229,goal_reached
1.477235,168,76884.587003,goal_reached
0.444697,72,76904.388102,collision
-0.350096,92,76928.070281,collision
-0.473344,87,76950.852419,collision
1.007765,96,76975.342477,collision
-0.553203,30,76986.468166,collision
-0.870631,81,77007.993076,collision
0.195925,71,77027.366207,collision
-0.388333,105,77053.643965,collision
0.125044,64,77071.605102,collision
-0.753967,84,77093.651606,collision
-0.534119,29,77104.543981,collision
2.079866,115,77132.80393,goal_reached
-0.047575,51,77148.254155,collision
0.178827,61,77165.636364,collision
-0.344996,46,77179.997959,collision
2.634571,116,77208.550907,goal_reached
2.272269,153,77244.650429,goal_reached
0.750582,97,77269.447246,collision
1.833729,191,77313.192798,goal_reached
2.950569,132,77345.03345,goal_reached
-0.411572,123,77375.021664,collision
3.509689,92,77398.747384,goal_reached
3.018645,112,77426.603048,goal_reached
3.089347,107,77453.42486,goal_reached
1.981094,155,77489.903467,goal_reached
0.053219,73,77509.81109,collision
2.373564,128,77540.725695,goal_reached
-0.108528,45,77554.981219,collision
3.326204,103,77580.875238,goal_reached
0.206931,138,77613.963287,collision
0.694786,154,78184.093821,collision
-0.316051,37,78196.749044,collision
0.070426,53,78212.621413,collision
-1.756672,167,78251.458351,collision
0.318174,53,78267.36662,collision
3.396217,112,78295.110611,goal_reached
3.605085,98,78320.129524,goal_reached
-0.79993,53,78336.028754,collision
-0.375241,41,78349.417943,collision
0.203237,75,78369.75521,collision
0.262175,91,78393.296821,collision
0.088064,61,78410.695506,collision
-0.427883,116,78439.388031,collision
0.054787,72,78459.012187,collision
0.147692,131,78490.754267,collision
1.696077,261,78548.630805,goal_reached
-0.417501,30,78559.915212,collision
3.063399,108,78586.815942,goal_reached
2.744075,125,78617.278516,goal_reached
-0.657153,27,78627.90677,collision
0.896981,80,78649.209187,collision
3.209824,109,78676.358651,goal_reached
2.930628,150,78711.838077,goal_reached
-0.674707,38,78724.672149,collision
3.603761,97,78749.358226,goal_reached
0.071634,67,78768.167345,collision
-0.103868,38,78781.042901,collision
0.617061,84,78803.068548,collision
0.385073,114,78831.183556,collision
0.939315,97,78855.862783,collision
3.509031,95,78880.202481,goal_reached
0.576143,60,78897.493519,collision
2.042888,123,78927.449073,goal_reached
3.461231,99,78952.635326,goal_reached
-0.382296,67,78971.351669,collision
-0.083387,43,78985.158034,collision
-0.703461,334,79057.906027,goal_reached
2.550698,129,79089.11825,goal_reached
-1.176756,124,79119.472166,collision
2.217498,141,79153.096109,goal_reached
0.307938,55,79169.386137,collision
3.488814,113,79197.30479,goal_reached
2.098864,118,79226.31006,goal_reached
-0.531158,81,79247.873881,collision
0.639309,91,79271.360306,collision
3.608358,96,79295.853454,goal_reached
2.55528,133,79327.914053,goal_reached
3.093655,113,79355.922228,goal_reached
1.964678,185,79398.569592,goal_reached
2.910168,111,79426.240427,goal_reached
2.988736,124,79982.840219,goal_reached
0.274557,68,80001.784602,collision
-0.432737,41,80015.153065,collision
2.728739,144,80049.335701,goal_reached
-0.496725,37,80062.040251,collision
-0.50012,45,80076.203345,collision
0.299644,52,80091.898215,collision
2.676378,137,80124.699317,goal_reached
-1.090647,314,80193.43108,no_progress
0.446051,62,80211.108,collision
3.107755,124,80241.22486,goal_reached
-0.972721,44,80255.264431,collision
0.744655,95,80279.524604,collision
2.47271,115,80307.839391,goal_reached
-0.412176,40,80321.085001,collision
3.586455,98,80345.955377,goal_reached
1.941904,174,80386.30674,goal_reached
-0.504397,28,80397.125675,collision
3.160545,127,80427.860524,goal_reached
3.576495,97,80452.670282,goal_reached
-0.146285,44,80466.696411,collision
0.327972,92,80490.378516,collision
-0.332088,35,80502.533327,collision
-0.39428,38,80515.230004,collision
0.299602,54,80531.189726,collision
-1.890872,235,80583.853976,collision
-0.553299,32,80595.430287,collision
-0.86017,288,80658.732632,goal_reached
1.97096,135,80691.055187,goal_reached
3.742888,95,80715.398198,goal_reached
3.276387,117,80744.218124,goal_reached
-0.467378,70,80763.503254,collision
3.399684,106,80789.991501,goal_reached
-0.525874,32,80801.600354,collision
3.473413,95,80825.849045,goal_reached
3.438493,117,80854.682124,goal_reached
3.69279,99,80879.876919,goal_reached
0.737887,64,80897.950932,collision
0.64059,219,80947.297088,goal_reached
0.342808,93,80971.3232,collision
1.021067,104,80997.503512,collision
-0.332553,50,81012.664797,collision
0.545111,89,81035.688204,collision
2.20816,133,81067.70151,goal_reached
3.369721,97,81092.463512,goal_reached
3.66662,106,81119.05931,goal_reached
3.09761,139,81152.404758,goal_reached
3.799839,95,81176.747027,goal_reached
3.399007,111,81204.359303,goal_reached
-0.31473,36,81216.78096,collision
3.036979,130,81790.413356,goal_reached
-0.73042,29,81801.424363,collision
0.041212,49,81816.434456,collision
0.962535,75,81836.676857,collision
0.997324,210,81884.252628,goal_reached
3.513388,98,81909.224174,goal_reached
-0.235615,73,81929.193687,collision
3.587239,98,81954.10331,goal_reached
2.546478,116,81982.703209,goal_reached
-1.517701,293,82047.155288,goal_reached
0.096989,65,82065.505455,collision
-1.374575,94,82089.783013,collision
-0.398105,157,82126.527971,collision
0.502842,101,82152.079707,collision
1.04093,78,82172.976023,collision
0.063107,54,82188.952888,collision
-1.593297,354,82265.660963,goal_reached
-0.171654,73,82285.56573,collision
3.271072,112,82313.297119,goal_reached
-0.114215,71,82332.86551,collision
0.785642,68,82351.695858,collision
0.387941,68,82370.619609,collision
3.165251,116,82399.161005,goal_reached
0.343326,83,82421.118591,collision
-0.781417,33,82432.829891,collision
2.650457,142,82466.657946,goal_reached
0.13192,105,82493.066688,collision
-0.499744,71,82512.520306,collision
3.629056,102,82538.201674,goal_reached
2.443952,104,82564.429088,goal_reached
2.995831,119,82593.646394,goal_reached
1.429781,192,82637.618557,goal_reached
-0.142732,62,82655.266066,collision
2.087315,152,82691.09205,goal_reached
3.5614,103,82717.095893,goal_reached
1.515376,155,82753.538154,goal_reached
-0.004313,73,82773.472361,collision
0.154883,85,82795.776024,collision
3.437619,98,82820.651926,goal_reached
0.874896,73,82840.61988,collision
-0.40277,32,82852.142191,collision
3.794789,92,82875.819386,goal_reached
3.06716,105,82902.196322,goal_reached
3.851621,89,82925.408471,goal_reached
3.328218,98,82950.396227,goal_reached
2.195366,158,82987.574653,goal_reached
0.041041,74,83007.670908,collision
3.530573,131,83691.901085,goal_reached
2.43509,146,83726.605544,goal_reached
3.288516,124,83756.902409,goal_reached
0.920182,71,83776.477092,collision
3.243188,92,83800.304003,goal_reached
-0.212111,38,83813.098923,collision
2.114794,190,83856.6562,goal_reached
-0.545588,42,83870.184386,collision
0.517296,58,83886.961699,collision
3.606785,94,83911.027795,goal_reached
2.241604,147,83945.990597,goal_reached
2.158525,108,83973.055617,goal_reached
1.36814,182,84015.116376,goal_reached
-0.197834,41,84028.577816,collision
-0.336561,86,84051.032099,collision
0.855415,82,84072.620513,collision
-0.426705,46,84086.978113,collision
1.620975,178,84128.04231,goal_reached
1.022633,206,84174.934483,goal_reached
3.022082,119,84204.066867,goal_reached
1.471703,220,84253.744711,goal_reached
-0.62114,29,84264.829351,collision
0.143365,70,84284.086312,collision
0.184848,86,84306.607967,collision
2.342174,123,84336.54038,goal_reached
-0.108571,54,84352.678138,collision
-0.024875,66,84371.11338,collision
3.389563,110,84398.624432,goal_reached
-0.489852,105,84424.98834,collision
-1.108743,91,84448.509115,collision
0.931575,183,84490.602632,goal_reached
0.019396,137,84523.441157,collision
1.298338,192,84567.336046,goal_reached
-0.433846,64,84585.355227,collision
-0.026824,103,84611.3131,collision
-0.652238,97,84635.939572,collision
-1.922536,354,84712.622197,goal_reached
0.199618,107,84739.394882,collision
0.443341,82,84761.052732,collision
0.542086,106,84787.538488,collision
-1.310408,287,84850.498276,goal_reached
-0.350006,31,84861.948837,collision
-0.03259,50,84877.106998,collision
-0.284874,80,84898.395647,collision
-0.62821,96,85442.195371,collision
0.494184,82,85463.938416,collision
-0.488731,72,85483.569034,collision
-0.159452,88,85506.374988,collision
-0.358206,34,85518.331045,collision
1.212029,214,85566.692025,goal_reached
2.142039,113,85594.740304,goal_reached
-0.397287,41,85608.182116,collision
3.526188,122,85637.959652,goal_reached
-0.08983,55,85654.245344,collision
0.132393,49,85669.275475,collision
-0.073249,102,85695.14689,collision
3.040333,115,85723.509523,goal_reached
0.311017,67,85742.187774,collision
-0.584776,57,85758.750851,collision
3.713843,91,85782.219407,goal_reached
0.104744,74,85802.372563,collision
0.737091,225,85853.040831,goal_reached
-2.068082,244,85907.71921,collision
0.671393,67,85926.358559,collision
0.67308,74,85946.48808,collision
2.185882,126,85977.059143,goal_reached
3.206129,105,86003.511779,goal_reached
0.863384,77,86024.343263,collision
2.973436,153,86060.378639,goal_reached
-6.37183,523,86171.549116,collision
-0.591387,162,86209.364589,collision
3.142864,109,86236.481431,goal_reached
2.320587,108,86263.534664,goal_reached
2.927765,118,86292.606464,goal_reached
-1.180938,80,86314.014288,collision
0.379084,52,86329.608203,collision
-0.458953,28,86340.370127,collision
0.459774,83,86362.281961,collision
2.679724,131,86393.870173,goal_reached
-2.493594,242,86448.291548,collision
2.984245,131,86479.856212,goal_reached
-0.344831,41,86493.328789,collision
0.403011,55,86509.48428,collision
-0.469476,32,86520.96967,collision
2.747733,124,86551.116332,goal_reached
0.240222,54,86567.201348,collision
-2.190364,360,86645.212103,goal_reached
-0.037208,136,87421.982256,collision
-0.169426,71,87441.489049,collision
1.291143,216,87490.189381,goal_reached
2.934417,110,87517.683771,goal_reached
-0.54102,61,87535.245865,collision
0.992352,82,87557.014915,collision
2.853684,129,87588.176968,goal_reached
3.783526,90,87611.557256,goal_reached
1.838114,177,87652.465503,goal_reached
0.156115,62,87670.176772,collision
0.593716,83,87692.073289,collision
1.095843,228,87743.280744,goal_reached
0.552061,65,87761.651521,collision
3.359438,96,87786.093988,goal_reached
-0.163796,71,87805.616052,collision
0.190517,86,87828.135094,collision
2.931868,101,87853.74674,goal_reached
-0.517765,29,87864.776858,collision
3.616757,93,87888.694912,goal_reached
2.818436,116,87917.380102,goal_reached
0.217045,51,87932.81639,collision
-0.434474,53,87948.67035,collision
0.065636,46,87963.127884,collision
0.292229,99,87988.172051,collision
0.133552,79,88009.196942,collision
0.773193,72,88028.855411,collision
2.265923,151,88064.463796,goal_reached
-0.082175,51,88080.01001,collision
3.165459,105,88106.351275,goal_reached
2.735939,123,88136.42675,goal_reached
2.816448,113,88164.453568,goal_reached
-0.195458,108,88191.541326,collision
0.511612,62,88209.32313,collision
-0.251229,36,88221.764818,collision
2.227659,130,88253.188714,goal_reached
-0.431835,29,88264.25493,collision
3.248411,96,88288.832269,goal_reached
-0.359972,62,88306.540294,collision
-0.608895,31,88317.897383,collision
0.175435,71,88337.369992,collision
-0.742723,63,88355.173009,collision
-0.620197,63,88373.013201,collision
-0.150511,78,88393.886349,collision
0.550835,84,88415.892035,collision
-2.137116,119,88445.067252,collision
0.484034,240,88498.736593,goal_reached
-0.120407,41,88512.222586,collision
-0.07991,58,88529.008209,collision
3.541179,91,88552.460876,goal_reached
0.120776,51,88567.931984,collision
0.525916,78,88588.749151,collision
-0.265124,40,88601.895527,collision
-0.361496,46,88616.225613,collision
-0.748335,108,88643.18149,collision
2.918318,140,88676.561069,goal_reached
2.31689,182,89167.429495,goal_reached
0.835485,81,89188.993879,collision
0.120505,91,89212.52938,collision
-0.319874,90,89235.934923,collision
-0.127166,44,89249.888396,collision
0.361097,76,89270.343951,collision
-0.684647,35,89282.431064,collision
0.515263,61,89299.880964,collision
0.599284,224,89350.213686,goal_reached
3.463434,96,89374.783102,goal_reached
2.55389,137,89407.657223,goal_reached
-0.911165,39,89420.715728,collision
-0.668128,29,89431.642404,collision
3.249271,92,89455.316109,goal_reached
2.741069,120,89484.768336,goal_reached
2.907915,112,89512.634954,goal_reached
0.187256,86,89535.220584,collision
1.881503,129,89566.45438,goal_reached
3.425363,98,89591.452962,goal_reached
-0.274451,37,89604.077725,collision
-0.669029,28,89614.853182,collision
0.511707,64,89632.893722,collision
-0.131045,39,89645.992437,collision
0.150941,71,89665.417546,collision
-0.563354,25,89675.536752,collision
-1.378709,101,89701.194408,collision
-3.24087,433,89794.011431,goal_reached
0.257521,76,89814.571656,collision
3.634237,99,89839.669773,goal_reached
0.649196,80,89861.080974,collision
0.320315,127,89891.934099,collision
-0.727535,72,89911.536335,collision
-0.498829,31,89922.83974,collision
-0.503624,66,89941.197824,collision
-0.687067,41,89954.557983,collision
0.757266,89,89977.608407,collision
-0.702031,76,89998.011137,collision
-0.039061,87,90020.667961,collision
-0.582744,102,90046.277258,collision
-0.356205,37,90058.789082,collision
-0.432799,32,90070.341683,collision
-0.411696,44,90084.362831,collision
3.476018,106,90110.982156,goal_reached
3.141414,115,90139.426534,goal_reached
-0.249513,40,90152.720983,collision
0.447246,81,90174.1832,collision
2.754171,135,90206.588364,goal_reached
0.396382,81,90228.202376,collision
1.210499,196,90272.946438,goal_reached
1.673572,182,90314.921548,goal_reached
2.877019,133,90347.056902,goal_reached
2.652757,143,90381.117789,goal_reached
3.250953,98,90406.101681,goal_reached
-0.240444,36,90418.53055,collision
-0.16182,108,90953.793473,collision
-0.150357,63,90971.689878,collision
1.353639,179,91012.943978,goal_reached
2.734147,131,91044.599868,goal_reached
-2.129406,427,91136.238075,goal_reached
0.477378,99,91161.477935,collision
-0.50594,76,91181.895026,collision
-4.997833,530,91294.388716,goal_reached
-0.191777,82,91316.146806,collision
3.570244,91,91339.622627,goal_reached
-0.546469,30,91350.857018,collision
0.438873,105,91377.165904,collision
-0.187118,42,91390.724617,collision
-0.061744,54,91406.724398,collision
0.30103,232,91458.80309,goal_reached
0.558439,90,91482.173691,collision
1.331783,207,91529.107779,goal_reached
-0.353352,67,91547.880274,collision
3.470053,105,91574.228207,goal_reached
-0.11234,106,91600.886636,collision
2.976562,102,91626.593349,goal_reached
-0.05269,45,91640.861956,collision
-0.453562,33,91652.596736,collision
0.000289,94,91676.678093,collision
-0.249211,42,91690.273037,collision
-0.399196,41,91703.646,collision
-0.240718,73,91723.513394,collision
0.517942,97,91748.401717,collision
-0.141245,281,91810.654749,goal_reached
0.359352,57,91827.606058,collision
0.396339,61,91845.179199,collision
0.392976,224,91896.174423,goal_reached
-0.581582,35,91908.601126,collision
3.575964,101,91934.337856,goal_reached
3.735879,91,91958.116943,goal_reached
0.277824,57,91974.970047,collision
-0.531554,29,91986.056998,collision
2.966514,115,92014.627768,goal_reached
3.111324,109,92042.110991,goal_reached
2.282984,140,92075.993684,goal_reached
2.410038,118,92105.367945,goal_reached
3.690623,90,92128.975436,goal_reached
-0.047939,59,92146.244157,collision
3.421269,103,92172.437225,goal_reached
-1.670399,271,92752.43358,no_progress
-0.429054,92,92776.479932,collision
2.981506,132,92808.549877,goal_reached
-0.044823,53,92824.547668,collision
0.763043,77,92845.448576,collision
-0.433923,40,92858.811431,collision
0.285945,259,92916.980075,goal_reached
2.433389,142,92951.218107,goal_reached
2.793613,117,92980.353349,goal_reached
2.638286,115,93009.057024,goal_reached
2.79131,139,93042.697966,goal_reached
3.491249,102,93068.686858,goal_reached
0.645522,65,93087.222939,collision
-0.346258,40,93100.497921,collision
0.102342,123,93130.758664,collision
0.507477,61,93148.319748,collision
2.157361,158,93185.699844,goal_reached
0.714617,255,93242.998186,goal_reached
2.678373,117,93272.061462,goal_reached
-0.146862,154,93308.645324,collision
3.729698,94,93332.950589,goal_reached
3.582176,115,93361.608628,goal_reached
0.188202,106,93388.5267,collision
3.309544,107,93415.494085,goal_reached
0.149875,50,93430.871992,collision
-0.361618,37,93443.561578,collision
0.335691,75,93464.010438,collision
2.471682,158,93501.406353,goal_reached
-0.343633,32,93513.14625,collision
-0.194126,34,93525.210437,collision
0.747944,75,93545.68969,collision
3.607318,94,93570.127136,goal_reached
-0.274316,36,93582.766695,collision
3.601355,92,93606.812745,goal_reached
0.929567,75,93627.437642,collision
0.177732,76,93648.008843,collision
-0.46753,294,93713.160169,goal_reached
-1.103594,124,93743.757188,collision
-0.666086,128,93775.015119,collision
3.866039,109,93803.15118,goal_reached
3.803382,117,93831.982294,goal_reached
1.165573,117,93861.040215,collision
-0.030668,57,93877.885139,collision
0.110349,258,93935.376894,goal_reached
-0.597654,43,93949.205903,collision
1.325623,220,94529.639809,goal_reached
1.889329,178,94570.846999,goal_reached
3.707576,94,94595.101677,goal_reached
1.907296,177,94636.128578,goal_reached
-0.219115,38,94648.99945,collision
-0.052059,297,94714.16808,goal_reached
1.281181,87,94736.912071,collision
-0.667945,29,94747.831411,collision
3.196224,119,94776.96965,goal_reached
-0.489196,419,94866.920015,goal_reached
3.70537,125,94897.416076,goal_reached
3.750467,126,94928.079208,goal_reached
-2.530455,263,94986.44497,collision
0.835658,67,95005.026053,collision
3.251604,117,95033.742582,goal_reached
3.123396,105,95060.177559,goal_reached
3.46767,116,95088.757495,goal_reached
1.365553,184,95131.162793,goal_reached
-0.517711,33,95142.992807,collision
-0.323825,45,95157.195189,collision
-0.272032,175,95197.731185,collision
2.482996,164,95236.01756,goal_reached
-0.31588,89,95259.280416,collision
0.313273,77,95280.016241,collision
3.011099,119,95309.176574,goal_reached
-0.076654,48,95324.026994,collision
0.583126,252,95380.129658,goal_reached
1.366076,200,95425.745102,goal_reached
-0.53249,32,95437.373671,collision
2.889391,114,95465.500852,goal_reached
-0.292543,33,95477.349053,collision
2.570684,128,95508.316478,goal_reached
2.457049,125,95538.800801,goal_reached
0.678359,277,95599.970774,goal_reached
0.687601,71,95619.528989,collision
0.043999,43,95633.270536,collision
-0.556966,28,95644.035984,collision
3.446731,114,95672.2511,goal_reached
0.055525,88,95695.210258,collision
3.517911,101,96203.520396,goal_reached
3.693901,90,96226.927015,goal_reached
1.151482,81,96248.479625,collision
3.131115,111,96276.01197,goal_reached
2.648846,140,96309.535744,goal_reached
-0.852625,34,96321.615516,collision
3.754524,95,96345.928392,goal_reached
0.365464,75,96366.275849,collision
0.159771,62,96383.858604,collision
3.181875,109,96411.014702,goal_reached
3.160163,108,96438.078695,goal_reached
1.560817,191,96481.962442,goal_reached
2.367824,143,96516.060452,goal_reached
1.210491,230,96567.697121,goal_reached
3.551949,110,96595.109125,goal_reached
-0.474483,31,96606.516353,collision
-2.265442,413,96695.136545,goal_reached
0.664564,85,96717.534874,collision
3.310626,104,96743.619743,goal_reached
0.651516,69,96762.728239,collision
3.595335,119,96791.901963,goal_reached
-0.560908,61,96809.392794,collision
-0.053582,56,96825.789728,collision
3.113729,128,96856.675439,goal_reached
-1.339605,68,96875.624365,collision
-0.001075,100,96900.929178,collision
3.842478,101,96926.4534,goal_reached
1.825627,199,96971.86609,goal_reached
-1.221777,132,97003.788011,collision
3.582782,96,97028.409857,goal_reached
0.021819,53,97044.389509,collision
0.645984,64,97062.39214,collision
3.696966,96,97086.982203,goal_reached
-0.223635,35,97099.18906,collision
3.409433,118,97128.141351,goal_reached
-0.608345,32,97139.751106,collision
-0.599402,30,97150.88927,collision
3.628218,125,97181.234455,goal_reached
0.413012,242,97235.404217,goal_reached
0.284204,115,97263.844411,collision
0.197007,81,97285.286671,collision
3.694229,110,97312.620995,goal_reached
-2.040096,308,97380.13242,collision
3.172831,112,97407.875947,goal_reached
2.054618,173,97833.990401,goal_reached
3.755756,88,97856.994556,goal_reached
0.15944,70,97876.273889,collision
3.710435,96,97900.82322,goal_reached
-0.511187,114,97929.194249,collision
-0.539526,33,97940.963498,collision
-0.478949,30,97952.108355,collision
3.110176,130,97983.499174,goal_reached
-0.113509,273,98043.966527,goal_reached
-0.963937,39,98057.073648,collision
0.481602,246,98111.87572,goal_reached
-0.459783,39,98124.884613,collision
-0.39768,30,98136.052848,collision
3.842173,92,98159.81707,goal_reached
3.903116,91,98183.388654,goal_reached
3.517273,101,98208.970487,goal_reached
1.303559,80,98230.276937,collision
3.605613,109,98257.415491,goal_reached
2.975081,116,98286.020848,goal_reached
3.538599,122,98315.925136,goal_reached
-0.621423,29,98326.961928,collision
-0.578587,29,98337.908595,collision
-0.655502,108,98364.933524,collision
-0.531912,268,98424.234039,goal_reached
-0.625864,36,98436.648299,collision
0.09383,58,98453.437963,collision
3.589689,111,98480.947398,goal_reached
-0.099293,67,98499.699437,collision
-0.036899,53,98515.515301,collision
3.831803,89,98538.754057,goal_reached
3.197655,108,98565.772644,goal_reached
3.173572,139,98599.059054,goal_reached
0.159586,77,98619.870002,collision
3.862928,116,98648.375658,goal_reached
2.428276,135,98680.808804,goal_reached
2.668573,135,98713.382168,goal_reached
0.429121,76,98733.952465,collision
3.40592,110,98761.288358,goal_reached
-0.454835,77,98782.011871,collision
-0.938638,46,98796.421419,collision
2.873548,124,98826.635107,goal_reached
0.21068,71,98846.24388,collision
-0.433871,325,98916.986751,goal_reached
1.978096,155,98953.656988,goal_reached
0.484622,54,98969.728185,collision
-0.557522,29,98980.620095,collision
-0.064831,45,98994.767971,collision
-0.075335,50,99009.924949,collision
-0.30607,79,99030.978705,collision
3.471323,101,99056.539538,goal_reached
-0.495515,52,99072.168069,collision
3.138966,142,99562.005077,goal_reached
-0.49348,37,99574.646245,collision
0.204795,61,99592.120754,collision
-0.063054,71,99611.645997,collision
0.832341,75,99631.908004,collision
3.725762,90,99655.192347,goal_reached
-0.012981,52,99670.840144,collision
-0.432218,36,99683.166886,collision
-5.536027,433,99775.71581,no_progress
3.863964,90,99799.060094,goal_reached
-0.385905,32,99810.75291,collision
0.133376,53,99826.71748,collision
3.076873,126,99857.230149,goal_reached
-0.402715,71,99876.750864,collision
3.217101,110,99904.003942,goal_reached
3.433384,98,99929.016413,goal_reached
-0.302035,66,99947.569251,collision
0.685815,66,99966.019527,collision
3.072968,104,99992.171838,goal_reached
2.368461,123,100022.219666,goal_reached
-0.096904,40,100035.509003,collision
3.539265,105,100061.838862,goal_reached
-0.226789,66,100080.320401,collision
2.84887,132,100112.145631,goal_reached
-0.715022,81,100133.747335,collision
3.825513,89,100156.793921,goal_reached
-0.305924,36,100169.19709,collision
0.465564,64,100187.191324,collision
-0.361626,29,100198.082188,collision
-0.194461,47,100212.696395,collision
-0.630137,27,100223.213807,collision
-0.174441,57,100239.819602,collision
0.848735,90,100263.089765,collision
3.612914,93,100287.122149,goal_reached
-0.506288,30,100298.322485,collision
1.057854,79,100319.324926,collision
-0.188876,49,100334.267386,collision
3.686461,98,100359.166728,goal_reached
3.333266,103,100385.140524,goal_reached
1.366779,139,100418.542386,collision
1.13274,83,100440.480124,collision
2.391913,140,100473.796525,goal_reached
-0.648597,25,100484.047235,collision
-2.030773,231,100535.875011,collision
3.541189,99,100560.975925,goal_reached
3.499624,111,100588.60579,goal_reached
0.445766,82,100610.428721,collision
-0.003774,83,100632.357639,collision
-1.662833,246,100687.054736,collision
-0.707779,34,100698.943313,collision
-0.512678,38,100711.667767,collision
0.207824,127,100742.379931,collision
-5.296468,433,101335.222994,collision
3.190558,116,101363.742657,goal_reached
0.437752,63,101381.651641,collision
3.616114,109,101408.838514,goal_reached
3.640629,109,101436.090856,goal_reached
3.211531,111,101463.7775,goal_reached
0.096313,53,101479.644358,collision
2.865144,130,101511.064753,goal_reached
0.536233,59,101528.148287,collision
3.812769,89,101551.25349,goal_reached
-0.605439,25,101561.432354,collision
-0.595832,24,101571.318815,collision
-0.208656,48,101586.074305,collision
3.107418,130,101617.468519,goal_reached
3.607423,109,101644.707869,goal_reached
-0.200911,81,101666.269027,collision
0.042007,61,101683.677274,collision
-0.677811,23,101693.464216,collision
3.623938,90,101716.8292,goal_reached
1.134153,80,101738.164837,collision
0.207205,61,101755.522519,collision
3.437119,100,101780.805416,goal_reached
-3.717093,157,101817.797446,collision
3.547875,99,101843.028425,goal_reached
-2.247212,253,101899.385323,collision
3.702937,96,101923.878493,goal_reached
-0.319872,31,101935.303735,collision
3.5345,105,101961.615261,goal_reached
3.567393,122,101991.531291,goal_reached
-0.485249,91,102015.151679,collision
-0.301601,46,102029.559797,collision
-0.58012,35,102041.691337,collision
3.213482,108,102068.590358,goal_reached
1.161562,247,102123.730728,goal_reached
-4.533912,265,102182.735502,collision
-0.196689,68,102201.535049,collision
3.520404,111,102229.152981,goal_reached
-0.493251,31,102240.682608,collision
-0.192655,49,102255.749363,collision
2.965371,146,102290.358951,goal_reached
-0.44187,28,102301.151372,collision
1.67685,181,102342.87081,goal_reached
1.138284,200,102388.403087,goal_reached
1.437982,172,102428.207488,goal_reached
2.868805,155,102464.736359,goal_reached
0.054954,49,102479.80915,collision
-2.131108,179,102521.112268,collision
2.012143,143,102555.087041,goal_reached
-0.221959,35,102567.239136,collision
-0.283519,70,103075.996901,collision
-0.10983,63,103093.893964,collision
-0.147681,43,103107.603628,collision
0.63487,90,103130.953672,collision
-0.171964,37,103143.501922,collision
3.686402,96,103167.948723,goal_reached
0.654889,120,103197.360891,collision
0.315023,271,103257.289104,goal_reached
-0.085633,51,103272.773427,collision
3.315107,102,103298.46448,goal_reached
3.310293,117,103327.301015,goal_reached
3.42818,114,103355.502522,goal_reached
0.426695,64,103373.60012,collision
0.153836,56,103389.925425,collision
1.854818,166,103428.536129,goal_reached
-0.682354,46,103443.017522,collision
1.349977,204,103489.449312,goal_reached
-0.061814,51,103504.779975,collision
-6.414659,300,103570.629537,collision
-1.004057,71,103590.052903,collision
-0.926943,94,103614.210786,collision
3.194018,139,103647.578233,goal_reached
-0.036857,58,103664.472232,collision
-0.426771,29,103675.398547,collision
0.084588,50,103690.628172,collision
3.794858,97,103715.322895,goal_reached
-0.560455,25,103725.530422,collision
-0.32939,62,103743.234127,collision
-0.55159,32,103754.75517,collision
0.587746,239,103808.201806,goal_reached
0.334058,145,103842.59905,collision
-0.220095,45,103856.846719,collision
-0.068134,41,103870.175295,collision
3.771808,90,103893.492126,goal_reached
-0.404596,60,103910.802947,collision
2.783702,119,103939.937565,goal_reached
1.410154,208,103987.174934,goal_reached
3.508255,97,104011.901231,goal_reached
3.84268,92,104035.642572,goal_reached
2.932152,128,104066.655437,goal_reached
0.089259,70,104085.995464,collision
3.271853,164,104124.247337,goal_reached
0.859237,125,104154.773176,collision
1.035351,83,104176.729321,collision
0.120903,52,104192.401808,collision
0.684289,83,104214.266047,collision
-0.022425,92,104237.858345,collision
-0.33967,87,104260.453274,collision
2.474689,143,104294.557643,goal_reached
-0.463321,83,104316.442052,collision
3.136994,177,104957.722748,goal_reached
0.385524,89,104980.838565,collision
3.610637,117,105009.637685,goal_reached
3.660161,125,105040.105402,goal_reached
-2.680898,268,105099.520391,collision
-0.175659,80,105120.798201,collision
-0.157392,79,105142.036809,collision
-0.555193,26,105152.440364,collision
0.330146,250,105208.164647,goal_reached
0.150171,129,105239.45873,collision
2.679716,134,105271.685878,goal_reached
3.842023,92,105295.474419,goal_reached
0.168818,63,105313.351359,collision
3.464462,119,105342.454912,goal_reached
-0.323288,50,105357.814735,collision
-0.580309,31,105369.252167,collision
0.514051,75,105389.497756,collision
3.556556,101,105415.064833,goal_reached
-0.717189,72,105434.866721,collision
2.298767,143,105468.849873,goal_reached
3.140107,163,105507.110664,goal_reached
1.64928,204,105553.566367,goal_reached
-0.053288,51,105569.071697,collision
-0.745997,30,105580.226434,collision
1.970953,184,105622.522595,goal_reached
-0.151693,47,105637.252503,collision
3.269082,107,105663.937957,goal_reached
-0.370812,49,105679.014163,collision
-0.118024,44,105692.962635,collision
1.292622,181,105734.657928,goal_reached
3.426456,94,105758.767932,goal_reached
-1.389037,73,105778.657232,collision
2.644959,147,105813.464916,goal_reached
1.030524,231,105865.307656,goal_reached
3.459784,112,105893.126094,goal_reached
0.902027,199,105938.511387,goal_reached
0.519127,76,105959.113972,collision
-0.795482,56,105975.5025,collision
-0.278413,33,105987.400734,collision
-0.350363,51,106002.80371,collision
2.036875,138,106035.829405,goal_reached
3.534639,96,106060.419139,goal_reached
1.625842,191,106104.227452,goal_reached
0.757207,75,106124.465218,collision
3.394687,100,106149.783489,goal_reached
3.232406,104,106176.00007,goal_reached
-0.616523,75,106921.526436,collision
2.735024,130,106952.971846,goal_reached
3.691384,102,106978.64483,goal_reached
-1.797783,188,107021.963127,collision
0.165075,72,107041.624665,collision
-0.520374,27,107052.241034,collision
3.652001,97,107076.902697,goal_reached
3.784168,91,107100.423136,goal_reached
0.335957,90,107123.896981,collision
-0.348032,70,107143.171774,collision
0.138682,71,107162.713178,collision
-1.536756,161,107200.394159,collision
3.239522,115,107228.716479,goal_reached
0.478194,88,107251.730522,collision
1.621197,201,107297.470843,goal_reached
1.274231,82,107319.212552,collision
-0.46719,33,107331.016945,collision
3.472731,104,107357.099137,goal_reached
-0.317245,30,107368.31241,collision
-0.300062,47,107382.876645,collision
0.091882,106,107409.335101,collision
3.747509,91,107432.869303,goal_reached
2.755593,112,107460.74368,goal_reached
3.088179,112,107488.599295,goal_reached
-0.10161,298,107554.130631,goal_reached
-1.477223,85,107576.483253,collision
0.872019,205,107623.116219,goal_reached
-0.184825,54,107639.1993,collision
-1.331627,239,107692.649831,collision
0.029465,149,107727.900721,collision
0.382604,70,107747.174361,collision
-0.338092,31,107758.444553,collision
-0.955927,122,107788.20893,collision
2.4e-05,144,107822.421597,collision
-0.35795,45,107836.74128,collision
0.269328,54,107852.748698,collision
3.339968,108,107879.699639,goal_reached
-0.452238,88,107902.634143,collision
0.641312,73,107922.500551,collision
0.416945,69,107941.590975,collision
1.127294,77,107962.350215,collision
3.262162,105,107988.632545,goal_reached
-0.29164,56,108005.09801,collision
3.079913,109,108032.20187,goal_reached
2.794304,143,108066.438167,goal_reached
1.527996,201,108112.305906,goal_reached
3.708196,90,108135.724273,goal_reached
2.670445,197,108606.795643,goal_reached
3.562647,102,108632.63554,goal_reached
2.524473,120,108662.098747,goal_reached
3.725323,92,108685.926619,goal_reached
1.187672,80,108707.265576,collision
3.56124,94,108731.307662,goal_reached
1.457535,200,108776.958793,goal_reached
3.792746,91,108800.57012,goal_reached
3.605441,99,108825.762567,goal_reached
-0.173185,53,108841.643159,collision
3.820059,93,108865.518626,goal_reached
3.122374,107,108892.350335,goal_reached
1.713597,175,108932.88737,goal_reached
3.81276,94,108957.037025,goal_reached
3.47203,104,108983.221329,goal_reached
3.048541,122,109013.092566,goal_reached
-0.319635,35,109025.293076,collision
2.194501,144,109059.469197,goal_reached
3.675274,100,109084.954126,goal_reached
-0.227278,56,109101.545447,collision
0.498199,67,109120.322444,collision
3.281158,120,109149.665962,goal_reached
2.727573,146,109184.236947,goal_reached
-0.649869,26,109194.650551,collision
0.709473,71,109214.087765,collision
3.112148,118,109243.078686,goal_reached
2.790957,165,109281.686976,goal_reached
-4.915399,434,109374.714267,goal_reached
1.397865,179,109416.090755,goal_reached
2.636596,125,109446.501345,goal_reached
-0.286096,82,109468.220101,collision
-0.558446,27,109478.720369,collision
2.821,109,109505.869145,goal_reached
-1.037,51,109521.361707,collision
0.603453,64,109539.418332,collision
1.838536,163,109577.619577,goal_reached
3.720426,99,109602.7418,goal_reached
-0.011944,46,109617.208725,collision
-0.157747,71,109636.677301,collision
0.440468,61,109654.074118,collision
3.517604,106,109680.686444,goal_reached
3.5102,99,109705.855198,goal_reached
-0.656269,31,109717.295853,collision
3.651321,100,109742.626631,goal_reached
3.419428,107,109769.447554,goal_reached
3.613026,98,109794.444652,goal_reached
0.101315,57,109811.10919,collision
-1.050746,55,109827.266009,collision
2.582722,176,110422.290857,goal_reached
-1.40465,96,110446.92818,collision
0.009521,48,110461.698112,collision
-0.539023,84,110483.780558,collision
3.665666,115,110512.113396,goal_reached
-0.175493,51,110527.688843,collision
0.20345,74,110547.851929,collision
3.718732,102,110573.557711,goal_reached
3.613357,96,110598.122407,goal_reached
3.7555,93,110622.120984,goal_reached
-0.186217,50,110637.458985,collision
3.057859,130,110668.958698,goal_reached
2.984589,121,110698.636606,goal_reached
-2.922449,143,110732.69011,collision
0.205655,95,110757.017195,collision
3.628772,97,110781.709489,goal_reached
-0.175612,68,110800.683259,collision
-1.050608,137,110833.495128,collision
-1.327226,90,110856.835605,collision
0.517586,82,110878.478529,collision
3.394543,143,110912.442443,goal_reached
-1.387146,65,110930.809988,collision
0.087283,159,110968.119232,collision
0.015225,155,111004.592626,collision
3.792513,94,111028.678782,goal_reached
3.459366,111,111056.341932,goal_reached
3.315336,104,111082.587361,goal_reached
3.490074,98,111107.586915,goal_reached
3.832575,96,111132.164382,goal_reached
0.134663,56,111148.64559,collision
3.717703,96,111173.141707,goal_reached
-0.021462,62,111190.863002,collision
0.320573,88,111213.793609,collision
-1.387124,207,111260.733062,collision
3.887518,90,111284.105706,goal_reached
3.707747,100,111309.493628,goal_reached
-0.657888,29,111320.534325,collision
-0.318287,44,111334.505833,collision
0.078987,88,111357.344833,collision
-0.885342,106,111383.849773,collision
0.562742,90,111407.120521,collision
0.126339,138,111440.220738,collision
-0.141086,45,111454.557529,collision
-0.647858,36,111466.889963,collision
-0.875644,90,111490.270957,collision
3.245246,112,111517.995907,goal_reached
3.235296,114,111546.191818,goal_reached
3.660493,98,111571.153968,goal_reached
0.797926,77,111591.878454,collision
0.61165,68,111610.768342,collision
-0.424471,56,111627.17577,collision
3.617536,100,111652.563842,goal_reached
-1.03671,129,112108.099843,collision
-0.658381,28,112118.786391,collision
-0.249548,50,112134.002955,collision
-0.292811,48,112148.760621,collision
3.587911,107,112175.460877,goal_reached
2.186136,190,112219.108994,goal_reached
2.684417,141,112252.90882,goal_reached
-0.042751,41,112266.344532,collision
0.874277,74,112286.398261,collision
3.434045,98,112311.292157,goal_reached
-0.488617,75,112331.682116,collision
3.432896,103,112357.657775,goal_reached
3.334826,113,112385.764265,goal_reached
-0.234082,59,112402.844068,collision
0.230133,52,112418.491407,collision
3.761459,95,112442.925298,goal_reached
3.63415,102,112468.70859,goal_reached
0.034295,73,112488.6429,collision
-0.444751,30,112499.712896,collision
2.565066,156,112536.361435,goal_reached
2.011469,178,112577.64405,goal_reached
3.00167,143,112611.743459,goal_reached
3.53614,123,112641.784262,goal_reached
3.459752,98,112666.83039,goal_reached
3.765626,92,112690.612293,goal_reached
0.745358,89,112713.822397,collision
3.148633,131,112745.371324,goal_reached
0.036748,77,112766.118693,collision
3.662625,101,112791.623801,goal_reached
-0.630823,28,112802.547586,collision
-0.223197,41,112816.043905,collision
-0.688607,82,112837.70278,collision
-0.497427,26,112848.022875,collision
-0.265361,51,112863.390323,collision
3.83456,91,112886.920895,goal_reached
0.00448,44,112900.966035,collision
-0.554304,27,112911.457211,collision
-0.246421,45,112925.600063,collision
-0.613149,26,112935.923255,collision
-0.413114,34,112947.87842,collision
0.030929,52,112963.486152,collision
-0.512589,27,112974.015916,collision
-0.32875,57,112990.606652,collision
-0.214882,122,113020.465965,collision
-0.337385,33,113032.154394,collision
3.852772,91,113055.600334,goal_reached
-0.199038,49,113070.638397,collision
0.439759,96,113095.10818,collision
-0.413953,37,113107.62968,collision
3.732566,102,113133.361734,goal_reached
0.899964,83,113155.299405,collision
0.022529,58,113172.157836,collision
2.814245,141,113205.703722,goal_reached
0.332084,51,113221.20409,collision
-0.474784,38,113233.956274,collision
3.043053,135,113266.368963,goal_reached
0.798178,80,113287.826457,collision
3.406852,106,113314.345553,goal_reached
3.585804,100,113339.717121,goal_reached
3.404427,122,113369.523618,goal_reached
3.81101,98,113394.527949,goal_reached
3.683232,91,113418.003587,goal_reached
3.502644,131,113837.877096,goal_reached
0.741393,83,113859.817676,collision
0.133295,61,113877.215415,collision
3.604751,117,113905.91553,goal_reached
-0.105298,49,113921.036893,collision
3.507552,96,113945.513942,goal_reached
3.208171,116,113974.097378,goal_reached
3.525644,134,114006.404773,goal_reached
3.50773,114,114034.645301,goal_reached
-2.184714,190,114078.218744,collision
-5.871449,261,114136.019362,collision
3.252837,112,114163.894922,goal_reached
-0.130283,44,114177.987464,collision
3.772659,90,114201.317633,goal_reached
-0.604924,26,114211.740981,collision
3.845129,94,114235.830711,goal_reached
-0.162637,45,114250.047567,collision
0.508189,78,114270.89363,collision
3.120094,114,114299.023337,goal_reached
0.958159,200,114344.735699,goal_reached
-0.507675,100,114370.148848,collision
3.494488,100,114395.438682,goal_reached
3.577192,105,114421.845165,goal_reached
-0.413693,208,114469.146759,collision
-0.625181,33,114480.901876,collision
3.660151,98,114505.87532,goal_reached
0.016885,44,114519.922624,collision
0.06904,46,114534.302516,collision
3.927492,89,114557.435862,goal_reached
3.716307,96,114581.989669,goal_reached
1.151708,77,114602.704624,collision
-0.189738,52,114618.285047,collision
-0.459234,30,114629.433871,collision
3.578338,96,114653.945926,goal_reached
3.54658,106,114680.566688,goal_reached
2.747391,140,114714.125639,goal_reached
3.960702,98,114739.081506,goal_reached
0.868103,92,114762.890332,collision
0.879213,113,114790.78036,collision
0.282185,157,114827.607043,collision
-0.158243,46,114841.994812,collision
-0.528847,69,114860.982156,collision
-0.209523,45,114875.129492,collision
-0.227548,40,114888.266985,collision
3.699918,92,114911.915648,goal_reached
-0.062771,58,114928.788179,collision
2.710064,172,114968.625905,goal_reached
3.248211,144,115002.96064,goal_reached
0.964366,80,115024.299408,collision
0.553099,63,115042.062311,collision
-2.158041,256,115697.23946,collision
0.41968,101,115722.876677,collision
-0.081949,41,115736.229047,collision
3.340835,103,115762.095452,goal_reached
-0.60619,31,115773.547535,collision
2.872692,110,115800.919051,goal_reached
-0.62092,145,115835.411734,collision
3.307986,112,115863.113135,goal_reached
3.638304,122,115892.963173,goal_reached
2.96308,110,115920.373355,goal_reached
-0.674909,30,115931.602548,collision
0.643161,80,115952.868951,collision
3.778927,93,115976.723424,goal_reached
3.157046,112,116004.53015,goal_reached
-0.538158,32,116016.142626,collision
3.026798,118,116045.09768,goal_reached
3.322262,97,116069.903272,goal_reached
-0.843695,90,116093.278208,collision
-0.616057,27,116103.794835,collision
3.927527,95,116128.119098,goal_reached
0.634856,82,116149.908586,collision
-0.030001,72,116169.582876,collision
-0.48591,37,116182.123037,collision
0.314886,113,116210.091133,collision
3.378282,139,116243.364312,goal_reached
3.561734,119,116272.634095,goal_reached
2.895805,154,116308.946768,goal_reached
2.825806,144,116343.289921,goal_reached
1.941871,183,116385.497726,goal_reached
-0.112294,67,116404.171914,collision
-0.596656,28,116414.924665,collision
-0.51986,28,116425.759674,collision
-0.717115,94,116449.832211,collision
-0.571542,40,116463.009414,collision
-5.978036,454,116559.980347,collision
3.511524,109,116587.116563,goal_reached
-0.005086,43,116600.987018,collision
0.199575,53,116616.764142,collision
3.54262,135,116649.318707,goal_reached
3.625282,137,116682.2207,goal_reached
-0.90647,117,116711.075572,collision
-0.393651,60,116728.253519,collision
-0.146224,54,116744.247043,collision
0.988223,74,116764.399421,collision
-0.298116,39,116777.335797,collision
-0.558964,218,116826.46935,collision
0.245907,72,116846.161896,collision
1.87973,178,116887.209415,goal_reached
-0.869626,63,116905.217353,collision
-0.43174,26,116915.652921,collision
2.890479,120,116944.942763,goal_reached
3.029019,141,117392.774945,goal_reached
3.622943,99,117417.901829,goal_reached
0.467244,90,117441.244426,collision
0.778792,116,117469.778332,collision
3.679575,97,117494.47006,goal_reached
3.502463,96,117519.035997,goal_reached
-0.583542,25,117529.326409,collision
3.772224,93,117553.279837,goal_reached
3.508968,133,117585.33786,goal_reached
3.607103,89,117608.389733,goal_reached
0.230649,65,117626.802294,collision
0.348469,133,117658.871657,collision
3.152966,115,117687.236488,goal_reached
3.414216,98,117712.123219,goal_reached
3.427576,101,117737.693471,goal_reached
3.241987,109,117764.939764,goal_reached
2.586638,154,117801.243499,goal_reached
3.722306,100,117826.606982,goal_reached
3.818535,92,117850.361633,goal_reached
-0.292543,35,117862.586103,collision
0.195936,90,117885.839936,collision
3.632587,91,117909.323879,goal_reached
-0.407607,65,117927.641608,collision
0.68653,77,117948.326614,collision
3.4534,111,117975.933357,goal_reached
3.596548,100,118001.323611,goal_reached
3.860088,93,118025.347696,goal_reached
0.441904,135,118057.806357,collision
3.321169,104,118083.933648,goal_reached
0.810902,76,118104.594456,collision
0.022573,141,118138.447748,collision
0.619749,129,118169.62258,collision
3.733412,94,118193.858347,goal_reached
0.48641,64,118212.212794,collision
3.909224,97,118236.992821,goal_reached
0.759723,68,118255.925016,collision
3.575216,98,118280.899693,goal_reached
0.390088,94,118305.20577,collision
3.500885,100,118330.641061,goal_reached
3.555365,100,118356.139536,goal_reached
3.50447,128,118387.292007,goal_reached
3.366589,108,118414.396526,goal_reached
0.52843,91,118438.070162,collision
-0.307067,36,118450.491838,collision
-0.402744,39,118463.513515,collision
-0.234724,62,118481.124261,collision
-0.394197,54,118497.152128,collision
2.953701,122,118527.049374,goal_reached
3.500741,102,118553.100633,goal_reached
3.824195,103,118579.135227,goal_reached
-0.487251,29,118590.177638,collision
3.266917,122,118619.953329,goal_reached
-1.174574,194,119319.766767,collision
0.316985,90,119343.035125,collision
0.628831,84,119365.173203,collision
3.66891,120,119394.497463,goal_reached
-0.442411,33,119406.390283,collision
3.894232,96,119430.872124,goal_reached
-0.621215,29,119441.942573,collision
3.691347,110,119469.256317,goal_reached
0.101328,52,119484.955706,collision
-0.494737,31,119496.269202,collision
0.177965,87,119519.012832,collision
0.673284,80,119540.248582,collision
3.626809,97,119565.0337,goal_reached
3.910631,93,119589.058933,goal_reached
0.713131,78,119610.023114,collision
1.037653,80,119631.288857,collision
3.149622,121,119660.860152,goal_reached
-1.233283,81,119682.529765,collision
3.57279,99,119707.649812,goal_reached
0.690906,63,119725.639669,collision
3.771856,98,119750.549689,goal_reached
1.008987,77,119771.32032,collision
3.53024,107,119798.00864,goal_reached
0.350664,61,119815.526445,collision
1.070096,79,119836.561985,collision
0.523167,77,119857.216204,collision
-0.359861,59,119874.233828,collision
-0.633807,30,119885.353474,collision
0.152009,48,119900.150833,collision
0.229262,49,119915.143598,collision
0.026264,50,119930.458761,collision
0.467664,74,119950.502929,collision
3.36463,133,119982.514468,goal_reached
-0.481374,193,120026.759699,collision
3.628299,107,120053.516122,goal_reached
-0.129343,40,120066.735957,collision
3.819804,113,120094.669912,goal_reached
3.422884,98,120119.634584,goal_reached
2.534182,134,120151.93856,goal_reached
3.132913,126,120182.552437,goal_reached
-0.776388,33,120194.41114,collision
2.877987,145,120228.851802,goal_reached
-0.34267,45,120243.10625,collision
2.862257,141,120276.753261,goal_reached
3.454474,97,120301.582774,goal_reached
3.566678,119,120330.799102,goal_reached
3.68835,121,120360.461423,goal_reached
3.186603,156,120397.230165,goal_reached
3.673885,124,120427.422749,goal_reached
0.212169,60,120444.728867,collision
0.039784,44,120458.710183,collision
-0.366325,33,120470.417735,collision
-1.886472,397,120555.810175,goal_reached
-0.425093,35,120568.052092,collision
-0.09151,67,120586.67241,collision
3.241542,155,121057.785877,goal_reached
3.27463,106,121084.486892,goal_reached
3.652892,99,121109.690097,goal_reached
0.576091,63,121127.587832,collision
3.326296,112,121155.365036,goal_reached
3.759954,96,121180.022528,goal_reached
3.569227,102,121205.895739,goal_reached
3.840182,90,121229.338194,goal_reached
-0.101071,45,121243.658819,collision
3.791636,91,121267.136396,goal_reached
3.419831,99,121292.360444,goal_reached
3.617506,103,121318.357976,goal_reached
0.121165,54,121334.422415,collision
3.473535,111,121361.966685,goal_reached
-0.230731,40,121375.250311,collision
3.717842,90,121398.522333,goal_reached
3.28323,103,121424.496578,goal_reached
3.632885,96,121449.067155,goal_reached
0.660735,66,121467.625058,collision
3.263148,108,121494.527687,goal_reached
3.697742,94,121518.683128,goal_reached
0.232572,53,121534.65849,collision
3.736636,91,121558.245106,goal_reached
3.663142,97,121583.083036,goal_reached
-0.368852,33,121594.887543,collision
0.023159,45,121609.081789,collision
-0.465496,33,121620.775869,collision
3.570931,109,121647.927833,goal_reached
-0.015403,79,121669.132208,collision
2.372854,121,121698.709582,goal_reached
3.28577,111,121726.292138,goal_reached
0.641129,81,121747.90787,collision
3.738776,90,121771.291913,goal_reached
2.832047,120,121800.767759,goal_reached
-0.116249,171,121840.554026,collision
2.197544,133,121872.502961,goal_reached
-0.616608,26,121882.922887,collision
3.603857,103,121908.824944,goal_reached
-0.519197,34,121920.895443,collision
-0.472753,52,121936.481165,collision
-0.337896,46,121950.807711,collision
3.665384,101,121976.321635,goal_reached
3.409619,110,122003.786295,goal_reached
3.455045,125,122034.257404,goal_reached
3.604933,97,122059.017513,goal_reached
3.68892,96,122083.622228,goal_reached
-0.800679,66,122102.129289,collision
3.307825,113,122130.081302,goal_reached
0.410909,75,122150.471092,collision
3.724289,98,122175.444586,goal_reached
-0.301555,63,122193.308996,collision
1.372819,231,122245.120944,goal_reached
-0.504169,35,122257.348177,collision
2.769525,154,122293.584128,goal_reached
3.745291,99,122318.827341,goal_reached
2.429677,134,122783.955998,goal_reached
0.160653,48,122798.807805,collision
-3.812932,184,122841.004102,collision
3.817132,91,122864.426108,goal_reached
3.612553,98,122889.377061,goal_reached
1.291629,129,122920.658212,collision
3.732161,97,122945.318864,goal_reached
0.403773,55,122961.620428,collision
0.424804,60,122978.848985,collision
3.771747,93,123002.713172,goal_reached
0.615356,81,123024.311789,collision
0.976379,78,123045.223594,collision
3.646217,93,123069.065426,goal_reached
-0.363992,30,123080.345994,collision
-0.503752,30,123091.495238,collision
3.598705,96,123116.123487,goal_reached
3.583685,102,123141.931432,goal_reached
-0.330518,34,123153.958233,collision
3.615823,94,123178.019839,goal_reached
0.075618,51,123193.476612,collision
3.75629,91,123216.968867,goal_reached
3.068682,115,123245.41446,goal_reached
0.143164,43,123259.229989,collision
3.471691,101,123284.671603,goal_reached
-0.649224,26,123295.064667,collision
-0.581436,26,123305.407746,collision
3.434054,112,123333.149813,goal_reached
3.499531,100,123358.54656,goal_reached
2.811895,109,123385.760748,goal_reached
0.917561,81,123407.332559,collision
-0.07275,152,123443.244843,collision
3.465958,100,123468.517496,goal_reached
3.569183,95,123492.853574,goal_reached
0.680962,81,123514.407476,collision
0.219939,52,123529.967268,collision
0.328694,55,123546.148417,collision
0.251019,52,123561.913996,collision
-0.672022,26,123572.276331,collision
-0.426057,27,123582.852985,collision
0.903344,77,123603.473525,collision
3.796922,91,123626.926987,goal_reached
3.646781,95,123651.262874,goal_reached
0.571991,113,123679.373983,collision
-0.302937,56,123695.843674,collision
3.755272,90,123719.075566,goal_reached
0.95406,73,123738.97632,collision
-0.148717,88,123761.943258,collision
0.07963,54,123777.966786,collision
3.299969,106,123804.465354,goal_reached
3.935416,92,123828.274915,goal_reached
0.482093,68,123847.232615,collision
1.791169,161,123884.854638,goal_reached
-0.155031,40,123898.085112,collision
3.641314,98,123922.957873,goal_reached
3.88277,90,123946.280673,goal_reached
3.651788,104,123972.466681,goal_reached
-0.355482,42,123986.086912,collision
0.445111,57,124002.644872,collision
3.520835,104,124028.782453,goal_reached
0.412023,57,124045.543214,collision
0.531172,60,124062.845195,collision
2.892527,185,124558.055327,goal_reached
3.411444,101,124583.657548,goal_reached
-0.297443,38,124596.46881,collision
3.870882,96,124620.957492,goal_reached
3.592574,96,124645.555231,goal_reached
3.337455,114,124673.748041,goal_reached
3.316399,98,124698.732322,goal_reached
0.291844,54,124714.849174,collision
-0.312462,36,124727.207426,collision
2.386902,119,124756.380953,goal_reached
0.543164,77,124777.101807,collision
0.520403,79,124798.212324,collision
3.719447,93,124822.110375,goal_reached
-0.055538,41,124835.560218,collision
-0.732675,29,124846.563082,collision
-0.415112,32,124858.229477,collision
-0.608531,25,124868.333959,collision
3.774416,95,124892.619599,goal_reached
-0.331529,35,124904.821815,collision
2.718996,141,124938.480143,goal_reached
3.833731,96,124963.066407,goal_reached
3.664548,92,124986.894173,goal_reached
-0.436875,30,124998.10178,collision
3.265505,108,125024.961458,goal_reached
3.704548,96,125049.547876,goal_reached
3.779976,96,125074.151892,goal_reached
3.573399,113,125102.187221,goal_reached
-0.346041,107,125129.101441,collision
0.119864,68,125148.056611,collision
-0.169613,65,125166.303118,collision
0.350683,97,125191.025748,collision
3.452088,132,125222.922687,goal_reached
0.070139,97,125247.603935,collision
3.636939,99,125272.647618,goal_reached
0.633439,83,125294.629536,collision
-0.055554,46,125309.047778,collision
3.878613,91,125332.556237,goal_reached
3.288267,103,125358.516092,goal_reached
-0.426682,32,125370.225528,collision
0.578528,67,125388.867954,collision
3.831258,95,125413.12696,goal_reached
0.00841,47,125427.790666,collision
3.583992,105,125454.157961,goal_reached
0.281495,69,125473.225983,collision
-0.468407,26,125483.502701,collision
3.529851,93,125507.370375,goal_reached
0.19556,50,125522.609847,collision
3.57329,101,125548.103287,goal_reached
0.651527,66,125566.620234,collision
0.121813,48,125581.400271,collision
3.630064,98,125606.309467,goal_reached
3.678292,92,125630.030077,goal_reached
3.133844,116,125658.595563,goal_reached
3.66617,97,125683.364124,goal_reached
3.182996,115,125711.742183,goal_reached
0.855489,71,125731.230855,collision
3.59024,117,125760.001629,goal_reached
0.124272,83,125781.905284,collision
0.658496,88,125804.799129,collision
0.415464,56,125821.21674,collision
0.24517,60,125838.54717,collision
-1.15112,126,126297.676449,collision
3.460721,115,126326.002008,goal_reached
3.29719,96,126350.553154,goal_reached
3.386588,108,126377.586011,goal_reached
3.578654,95,126401.961753,goal_reached
3.044681,106,126428.652409,goal_reached
3.773734,97,126453.438565,goal_reached
1.00518,83,126475.410571,collision
0.023032,52,126490.979901,collision
-0.462854,31,126502.287465,collision
2.677051,123,126532.250269,goal_reached
3.602145,100,126557.686491,goal_reached
-0.665809,27,126568.384093,collision
3.401303,98,126593.381738,goal_reached
3.55613,103,126619.347095,goal_reached
-0.241997,40,126632.638658,collision
3.319673,103,126658.508506,goal_reached
-0.269053,35,126670.75654,collision
-0.24141,101,126696.278452,collision
0.393724,57,126712.90106,collision
3.612963,96,126737.388573,goal_reached
3.45697,109,126764.634816,goal_reached
-0.403183,32,126776.279743,collision
3.525452,96,126800.750241,goal_reached
-0.049398,42,126814.402152,collision
-0.642463,28,126825.090318,collision
-0.151027,41,126838.412042,collision
-0.718414,161,126876.072391,collision
0.294283,137,126908.84782,collision
3.790232,91,126932.428775,goal_reached
-0.449316,31,126943.824549,collision
-0.271642,62,126961.478824,collision
-0.473964,29,126972.4005,collision
0.605417,68,126991.286858,collision
0.483312,58,127008.059844,collision
-0.594081,26,127018.328846,collision
3.394847,98,127043.185493,goal_reached
2.703767,127,127074.012391,goal_reached
3.918989,89,127097.202383,goal_reached
-0.287104,44,127111.155214,collision
1.195843,82,127132.894568,collision
3.758127,99,127157.972143,goal_reached
0.321727,58,127174.824327,collision
3.58476,97,127199.50665,goal_reached
-0.192696,39,127212.525586,collision
3.830856,94,127236.649229,goal_reached
-0.515077,26,127247.07244,collision
3.688123,91,127270.56178,goal_reached
3.456328,105,127296.952194,goal_reached
3.793551,99,127322.172538,goal_reached
-0.258756,42,127335.849156,collision
0.8547,74,127355.901441,collision
0.380821,77,127376.559845,collision
0.381759,58,127393.378939,collision
0.621648,86,127415.908854,collision
3.241738,108,127442.831834,goal_reached
0.816575,75,127463.228946,collision
3.921837,97,127487.914429,goal_reached
0.868579,79,127509.108347,collision
3.283965,104,127535.327069,goal_reached
0.089901,69,127554.485236,collision
0.182561,91,127578.070691,collision
3.546028,93,127601.934249,goal_reached
-1.125922,120,128073.565436,collision
0.032789,60,128090.815778,collision
0.395444,92,128114.52828,collision
3.398292,107,128141.252416,goal_reached
-0.691822,29,128152.23457,collision
-0.327971,35,128164.400486,collision
3.722947,102,128190.134821,goal_reached
-0.015613,48,128204.960463,collision
3.642965,98,128229.831125,goal_reached
3.20011,105,128256.219033,goal_reached
0.078379,65,128274.634354,collision
3.690728,91,128298.168902,goal_reached
-0.489661,29,128309.241673,collision
0.241293,56,128325.659256,collision
3.507852,115,128354.039987,goal_reached
3.952864,92,128377.866757,goal_reached
0.704557,69,128397.066122,collision
3.655054,99,128422.250563,goal_reached
3.858571,88,128445.232407,goal_reached
-1.339132,185,128487.908816,collision
3.737724,93,128511.72644,goal_reached
3.648562,95,128536.111423,goal_reached
0.758447,75,128556.466146,collision
3.563833,108,128583.35565,goal_reached
3.790992,96,128607.965879,goal_reached
3.917014,93,128631.968979,goal_reached
3.561273,106,128658.589834,goal_reached
0.072935,45,128672.84463,collision
0.071141,131,128704.442946,collision
-0.451339,32,128716.102218,collision
0.214063,48,128730.906918,collision
-0.339511,32,128742.437347,collision
0.01237,58,128759.240882,collision
3.748799,95,128783.60942,goal_reached
-0.137167,45,128797.94677,collision
0.980479,70,128817.295915,collision
0.105872,53,128833.074333,collision
0.091251,49,128848.072828,collision
-0.495016,28,128858.798232,collision
-0.502028,28,128869.495798,collision
-0.525724,28,128880.225477,collision
3.609196,91,128903.684121,goal_reached
0.132995,47,128918.339563,collision
3.717657,105,128944.63051,goal_reached
-0.618592,25,128954.892108,collision
3.299572,107,128981.720694,goal_reached
3.648748,101,129007.350554,goal_reached
3.912383,91,129030.917265,goal_reached
3.591044,103,129056.945029,goal_reached
3.319079,111,129084.580268,goal_reached
0.187981,51,129100.030493,collision
0.553018,84,129122.098583,collision
0.964558,80,129143.376768,collision
0.685038,61,129160.778505,collision
3.596413,102,129186.505925,goal_reached
-0.432011,29,129197.592375,collision
0.671802,72,129217.32706,collision
3.301577,124,129247.464269,goal_reached
3.474619,99,129272.681882,goal_reached
3.712391,97,129297.522048,goal_reached
0.037053,39,129310.528642,collision
-0.217001,84,129332.545968,collision
3.465389,130,129363.956701,goal_reached
0.239042,84,129386.097845,collision
1.743334,218,130060.897955,goal_reached
0.081731,149,130096.281619,collision
3.698231,91,130119.700757,goal_reached
-0.557148,27,130130.381868,collision
3.937125,90,130153.716089,goal_reached
3.571831,103,130179.68844,goal_reached
-0.361004,31,130191.158194,collision
2.898903,125,130221.598933,goal_reached
0.419785,72,130241.340007,collision
3.163237,110,130268.64445,goal_reached
3.324059,109,130295.815535,goal_reached
-0.539361,26,130306.216775,collision
-0.241572,34,130318.153826,collision
-0.530587,32,130329.637939,collision
3.805166,99,130354.664096,goal_reached
3.512789,107,130381.452205,goal_reached
0.422139,54,130397.525779,collision
3.650378,98,130422.379774,goal_reached
-0.488973,27,130432.983422,collision
3.158464,139,130466.187716,goal_reached
-0.160052,53,130482.050356,collision
3.788892,97,130506.755261,goal_reached
-0.598349,27,130517.379059,collision
0.50333,65,130535.586292,collision
3.627243,97,130560.264579,goal_reached
-0.045215,42,130573.92432,collision
0.168432,134,130606.132391,collision
-0.203438,40,130619.361128,collision
2.805939,167,130658.169318,goal_reached
0.216686,128,130689.230778,collision
3.758143,95,130713.479271,goal_reached
-0.236478,39,130726.566551,collision
3.834293,92,130750.231896,goal_reached
3.333163,114,130778.402647,goal_reached
3.423461,112,130806.245945,goal_reached
0.5436,61,130823.754584,collision
3.593593,103,130849.650248,goal_reached
0.959709,77,130870.423141,collision
3.74801,94,130894.482417,goal_reached
-0.266303,49,130909.612674,collision
0.34848,51,130925.107413,collision
2.599544,127,130955.896194,goal_reached
-0.07796,45,130970.126517,collision
0.628162,66,130988.595306,collision
3.693637,96,131013.070927,goal_reached
3.608129,93,131037.00805,goal_reached
3.580155,103,131062.993521,goal_reached
-0.492697,159,131100.294966,collision
-0.207124,40,131113.472365,collision
3.198468,113,131141.423756,goal_reached
0.088028,53,131157.301291,collision
0.494531,59,131174.287721,collision
0.597732,63,131192.119674,collision
3.471867,101,131217.681033,goal_reached
0.068721,43,131231.528883,collision
3.514477,94,131255.558146,goal_reached
-0.333701,30,131266.760811,collision
0.405681,58,131283.506656,collision
0.005897,62,131301.073455,collision
0.859978,79,131322.130469,collision
2.32911,212,131833.415375,goal_reached
0.66375,60,131850.751202,collision
3.087605,108,131877.707338,goal_reached
3.604636,96,131902.305043,goal_reached
0.922673,81,131923.906579,collision
3.921372,92,131947.572987,goal_reached
0.34216,58,131964.419075,collision
-0.471977,29,131975.330998,collision
3.263654,117,132004.086741,goal_reached
0.419295,79,132025.216459,collision
3.542221,105,132051.56259,goal_reached
0.206796,84,132073.747324,collision
3.352368,108,132100.655945,goal_reached
-0.070893,47,132115.325158,collision
3.409725,118,132144.266305,goal_reached
3.605142,105,132170.653873,goal_reached
3.455061,125,132201.035132,goal_reached
0.776861,85,132223.425796,collision
-0.529911,29,132234.489373,collision
3.64194,95,132258.821306,goal_reached
0.783409,74,132278.949739,collision
2.333392,159,132316.226623,goal_reached
3.721627,90,132339.554612,goal_reached
0.731719,84,132361.813623,collision
3.677523,101,132387.403679,goal_reached
0.205672,51,132402.862721,collision
3.49603,112,132430.595351,goal_reached
3.75161,99,132455.869056,goal_reached
3.468103,106,132482.459323,goal_reached
3.493188,108,132509.423512,goal_reached
-0.601053,28,132520.24483,collision
-0.188008,38,132533.01605,collision
3.928679,92,132556.673907,goal_reached
3.031057,108,132583.731147,goal_reached
3.93857,103,132609.710209,goal_reached
3.794842,92,132633.487324,goal_reached
-0.243166,37,132646.102235,collision
3.633745,98,132670.931549,goal_reached
2.946949,141,132704.596965,goal_reached
1.070526,85,132726.839492,collision
3.46781,124,132757.012355,goal_reached
-0.061386,50,132772.194041,collision
3.841037,94,132796.229205,goal_reached
0.728467,74,132816.352451,collision
-0.074173,41,132829.723579,collision
2.873955,117,132858.460056,goal_reached
0.331751,100,132883.853415,collision
2.894307,108,132910.791799,goal_reached
-0.02009,158,132947.928126,collision
3.300265,120,132977.212606,goal_reached
0.191547,50,132992.399784,collision
3.114167,134,133024.546325,goal_reached
0.171265,46,133039.00529,collision
-0.031314,39,133051.957839,collision
3.807604,94,133076.05236,goal_reached
3.85376,93,133100.104097,goal_reached
3.365383,135,133615.352787,goal_reached
2.556353,148,133650.5313,goal_reached
-0.237611,46,133665.038885,collision
3.865221,91,133688.518681,goal_reached
0.881209,84,133710.660509,collision
3.779832,138,133743.672517,goal_reached
3.552256,100,133769.08722,goal_reached
-0.486679,29,133780.090278,collision
3.251821,139,133813.278643,goal_reached
2.892665,149,133848.605505,goal_reached
3.498179,125,133879.07864,goal_reached
-0.32185,56,133895.608004,collision
3.779564,100,133920.913181,goal_reached
1.083589,79,133942.047087,collision
3.97055,108,133968.970343,goal_reached
2.396454,161,134006.745303,goal_reached
3.241422,102,134032.536782,goal_reached
0.897882,73,134052.429251,collision
-0.465348,27,134063.001198,collision
-0.163936,38,134075.752581,collision
3.209109,116,134104.356479,goal_reached
3.890701,96,134128.918899,goal_reached
3.904735,95,134153.265303,goal_reached
0.953322,74,134173.494739,collision
0.133012,49,134188.540259,collision
3.357899,111,134216.044229,goal_reached
3.705777,103,134242.039475,goal_reached
3.816702,96,134266.627177,goal_reached
-0.613611,26,134277.02567,collision
2.877575,147,134311.7864,goal_reached
0.005777,174,134352.115563,collision
2.480702,127,134382.917304,goal_reached
3.678064,110,134410.332582,goal_reached
-0.009149,56,134426.846223,collision
-0.498657,31,134438.151712,collision
0.326346,101,134463.642328,collision
3.617099,101,134489.204364,goal_reached
0.357002,65,134507.533719,collision
3.551349,129,134538.728398,goal_reached
3.741725,116,134567.387159,goal_reached
0.487391,81,134588.995532,collision
3.573485,109,134616.143416,goal_reached
-0.044911,49,134631.236255,collision
3.621095,112,134658.959768,goal_reached
0.347241,54,134675.01744,collision
0.164625,66,134693.395698,collision
3.103849,116,134721.933243,goal_reached
0.460189,50,134737.240369,collision
0.518282,74,134757.294149,collision
3.13209,106,134783.793923,goal_reached
3.777271,97,134808.568485,goal_reached
3.904542,101,134834.146241,goal_reached
1.577622,171,134873.935583,goal_reached
