#{"t_start": 1752340132.2750878, "env_id": "None"}
r,l,t,reason
-0.573587,501,106.043478,goal_reached
-2.676329,168,144.809507,collision
0.85795,292,208.563265,goal_reached
2.828476,298,273.726598,goal_reached
2.976996,138,306.469441,goal_reached
2.531397,200,351.636543,goal_reached
-0.317767,379,432.829385,goal_reached
1.923846,329,504.291504,goal_reached
3.902005,190,547.490623,goal_reached
1.991461,247,602.049618,goal_reached
-2.804229,116,630.386266,collision
-2.823667,184,672.325771,collision
3.317788,149,707.253745,goal_reached
-1.576419,318,776.171442,collision
-2.523687,168,814.821893,collision
3.809039,138,847.484344,goal_reached
-1.239465,249,902.652869,goal_reached
2.766605,193,946.520132,goal_reached
3.636943,132,978.041063,goal_reached
0.451846,209,1025.001444,goal_reached
1.968768,204,1070.968375,goal_reached
-1.529764,153,1106.770522,collision
3.67075,163,1669.302286,goal_reached
1.546891,245,1723.616649,goal_reached
0.42749,165,1761.853547,goal_reached
1.059208,167,1800.601519,goal_reached
-3.426788,300,1866.202383,no_progress
3.004946,234,1918.377561,goal_reached
-5.536321,387,2001.725368,collision
3.070651,105,2027.885499,goal_reached
-1.947411,139,2061.052254,collision
-8.070848,374,2141.308897,no_progress
-0.766421,199,2186.550241,collision
0.776587,299,2251.778153,goal_reached
-1.048021,71,2271.305474,collision
2.617157,315,2339.692077,goal_reached
-0.240313,109,2366.780224,collision
-3.398561,338,2439.738781,no_progress
1.167686,258,2496.62336,goal_reached
-1.241055,150,2531.936027,collision
0.221987,307,2598.65677,goal_reached
1.290611,248,2653.721966,goal_reached
3.269721,176,2694.525431,goal_reached
0.129938,555,3259.02989,goal_reached
-1.944382,310,3326.485086,collision
0.611046,194,3370.405936,goal_reached
3.012043,119,3399.448553,goal_reached
0.455311,311,3467.26642,goal_reached
-4.123778,121,3496.812434,collision
1.832753,186,3539.442419,goal_reached
2.231627,256,3596.116606,goal_reached
-1.812776,107,3622.802414,collision
3.063514,169,3661.822422,goal_reached
2.18295,197,3706.629732,goal_reached
-1.24322,217,3755.570198,collision
-1.787729,85,3777.7283,collision
-1.443864,89,3800.576238,collision
2.152928,270,3859.837889,goal_reached
-0.190569,227,3910.651678,goal_reached
-1.872167,547,4025.795844,goal_reached
4.068481,183,4067.756166,goal_reached
3.795489,161,4105.288697,goal_reached
3.709086,159,4142.311405,goal_reached
3.336063,205,4188.619929,goal_reached
-1.654017,75,4208.831515,collision
1.458819,294,4273.004305,goal_reached
3.73377,242,4326.977844,goal_reached
-11.032516,436,4919.481276,no_progress
-4.950217,323,4989.738173,collision
-0.433779,210,5036.900424,goal_reached
-2.369854,160,5074.17043,collision
-2.676996,149,5109.185087,collision
-1.112848,76,5129.423616,collision
-1.206887,77,5149.897284,collision
-0.190726,224,5200.04777,goal_reached
2.609575,334,5272.459727,goal_reached
2.816027,165,5311.003345,goal_reached
2.13074,208,5357.977689,goal_reached
3.385528,193,5402.038048,goal_reached
-5.995391,284,5464.327153,collision
3.524118,151,5499.649579,goal_reached
-2.620158,116,5528.131081,collision
3.238927,233,5580.077047,goal_reached
1.191388,221,5629.745034,goal_reached
3.188904,170,5668.94673,goal_reached
3.628417,257,5725.675696,goal_reached
-1.238112,143,5759.685302,collision
0.631472,337,5832.4407,goal_reached
2.556847,250,5888.011323,goal_reached
-0.865254,129,5919.261971,collision
3.459136,143,5953.072771,goal_reached
2.691067,192,6625.977583,goal_reached
3.643575,259,6683.357376,goal_reached
-1.472555,73,6703.304167,collision
3.115026,159,6740.465602,goal_reached
2.527639,278,6801.616067,goal_reached
3.756666,206,6848.548925,goal_reached
-1.307947,159,6885.620412,collision
4.149645,166,6924.012529,goal_reached
-1.040812,242,6977.926557,goal_reached
1.951762,172,7017.725823,goal_reached
-0.850405,45,7031.949105,collision
1.889593,236,7084.659999,goal_reached
1.487768,152,7120.163116,goal_reached
2.741601,213,7168.131681,goal_reached
-3.194153,248,7223.301508,collision
4.176691,155,7259.604291,goal_reached
-2.001817,140,7293.038231,collision
-0.459679,348,7367.998668,goal_reached
3.081604,219,7417.063472,goal_reached
-0.244734,118,7445.904206,collision
2.891385,104,7471.887691,goal_reached
3.176196,105,7498.258415,goal_reached
2.126365,206,7544.800336,goal_reached
1.581046,210,7592.313369,goal_reached
-0.813812,200,7637.884237,collision
-2.283327,316,7706.406106,collision
3.489944,308,8220.821569,goal_reached
-2.146866,120,8250.106596,collision
-0.891945,148,8284.901576,collision
2.269107,285,8347.303668,goal_reached
0.489981,259,8404.366338,goal_reached
3.277241,167,8443.080202,goal_reached
-1.293888,65,8461.352384,collision
3.47968,138,8494.080219,goal_reached
0.912496,210,8541.527515,goal_reached
-0.682998,207,8588.337622,collision
-1.344934,63,8606.030457,collision
2.493068,160,8643.343427,goal_reached
0.858819,290,8706.82959,goal_reached
2.729543,331,8778.837554,goal_reached
-2.404665,225,8829.228333,collision
3.451546,199,8874.425705,goal_reached
0.930244,192,8918.492643,goal_reached
1.708569,189,8961.717601,goal_reached
-0.770256,194,9005.992181,collision
0.65625,164,9044.046601,goal_reached
-6.988742,627,9175.382386,collision
-0.671533,110,9202.509212,collision
2.199136,129,9233.510178,goal_reached
-0.946884,85,9255.675686,collision
3.307055,197,9300.313385,goal_reached
2.048922,290,10303.240606,goal_reached
-1.434486,70,10322.381508,collision
-0.914845,50,10337.420268,collision
3.969311,180,10378.688949,goal_reached
2.425551,168,10417.704356,goal_reached
3.266654,203,10463.57659,goal_reached
3.704661,149,10498.681435,goal_reached
-0.938098,187,10541.402492,collision
3.376886,240,10594.733927,goal_reached
1.351648,190,10638.173722,goal_reached
-0.505496,209,10685.388065,collision
2.598255,317,10754.128649,goal_reached
-3.056365,325,10824.630524,no_progress
3.383352,228,10875.80724,goal_reached
1.668485,318,10944.906506,goal_reached
-1.024693,55,10961.087855,collision
0.288067,317,11029.962614,goal_reached
-1.70872,82,11051.641184,collision
-1.160716,226,11102.101311,collision
-0.945199,215,11150.548187,collision
1.853084,318,11219.686617,goal_reached
3.709668,148,11254.543659,goal_reached
3.052093,112,11282.19359,goal_reached
-0.697082,284,11344.568528,goal_reached
0.574893,392,12008.854932,goal_reached
3.108576,188,12052.0328,goal_reached
2.030181,211,12099.643877,goal_reached
-0.775048,101,12125.087226,collision
2.689185,156,12161.55589,goal_reached
3.963975,177,12202.234068,goal_reached
3.939007,189,12245.399469,goal_reached
2.820259,311,12313.38473,goal_reached
2.921124,198,12358.345628,goal_reached
2.330631,170,12397.676565,goal_reached
1.782767,336,12470.648568,goal_reached
2.564099,236,12523.247478,goal_reached
1.88771,288,12586.37093,goal_reached
4.033786,163,12624.305862,goal_reached
3.070848,143,12658.433812,goal_reached
-0.855735,75,12678.622102,collision
-1.277486,123,12708.281078,collision
2.6789,151,12743.602305,goal_reached
2.280226,263,12801.6066,goal_reached
2.780755,136,12834.23825,goal_reached
-0.545969,277,12895.140312,goal_reached
1.647691,236,12947.824532,goal_reached
1.279236,255,13004.32673,goal_reached
-0.162127,133,13036.227199,collision
3.574108,248,13091.344595,goal_reached
2.594931,337,13894.220489,goal_reached
-2.485472,227,13944.866196,collision
1.789059,187,13987.502408,goal_reached
2.952366,221,14037.196315,goal_reached
-0.548062,228,14088.319493,collision
2.74991,152,14123.899487,goal_reached
-0.448014,259,14181.266342,collision
3.213354,178,14222.4193,goal_reached
4.035236,165,14260.765631,goal_reached
0.616022,357,14338.026499,goal_reached
1.653567,232,14390.0975,goal_reached
3.788542,158,14426.948131,goal_reached
0.511474,176,14467.392002,goal_reached
3.160574,179,14508.588462,goal_reached
-5.191205,700,14654.707829,goal_reached
-1.235663,93,14678.548489,collision
3.797369,217,14727.282178,goal_reached
1.625816,132,14758.994555,goal_reached
0.438203,284,14821.382701,goal_reached
-1.642619,164,14859.454525,collision
3.14019,199,14904.516444,goal_reached
0.168346,162,14942.175743,collision
3.50692,123,18547.624189,goal_reached
2.31945,299,18612.976268,goal_reached
-0.992218,84,18634.899145,collision
2.982722,194,18678.815513,goal_reached
1.018959,220,18728.07579,goal_reached
-1.750488,70,18747.256176,collision
3.074595,144,18781.266768,goal_reached
3.707664,167,18820.027364,goal_reached
0.333695,308,18887.344865,goal_reached
-1.342544,74,18907.351456,collision
0.194182,125,18937.48783,collision
3.06479,182,18979.201002,goal_reached
-0.875058,131,19010.755229,collision
-2.049469,100,19035.935433,collision
0.699586,209,19083.167624,goal_reached
1.058717,320,19152.584914,goal_reached
3.51424,243,19206.81967,goal_reached
-4.96546,261,19264.611069,collision
3.326641,144,19298.805672,goal_reached
2.67086,215,19347.105729,goal_reached
2.666667,224,19397.406492,goal_reached
1.637283,197,19442.571872,goal_reached
2.965083,116,19471.215747,goal_reached
2.255677,215,19519.523227,goal_reached
-0.26483,131,19550.990978,collision
0.710037,334,19623.188263,goal_reached
-0.91868,118,19652.059201,collision
2.358214,264,20251.939655,goal_reached
3.900723,191,20295.455392,goal_reached
1.458687,261,20353.262856,goal_reached
2.587774,143,20387.206295,goal_reached
-1.892538,135,20419.443703,collision
2.056131,319,20488.715604,goal_reached
2.675755,212,20536.585638,goal_reached
4.17278,212,20584.602285,goal_reached
3.171642,101,20610.021559,goal_reached
-0.987586,37,20622.555209,collision
-0.775088,119,20651.500211,collision
3.54884,148,20686.30444,goal_reached
-1.811441,81,20707.747248,collision
1.928869,216,20756.37967,goal_reached
1.886236,254,20812.457969,goal_reached
0.681256,183,20854.489006,goal_reached
2.775929,132,20886.295562,goal_reached
2.188273,182,20928.015642,goal_reached
1.171143,158,20964.817765,goal_reached
-2.697505,317,21033.539483,no_progress
-1.724327,125,21063.889683,collision
-1.239231,194,21107.907646,goal_reached
-0.612367,86,21130.298918,collision
3.142027,118,21159.094505,goal_reached
-0.911426,86,21181.581164,collision
-4.366637,227,21232.167186,collision
-2.284774,275,21292.550108,collision
4.263473,175,21332.774029,goal_reached
1.049017,289,22414.543167,goal_reached
1.010563,352,22490.560783,goal_reached
2.972129,152,22526.220049,goal_reached
2.165018,241,22579.911477,goal_reached
4.052244,159,22617.199425,goal_reached
1.630818,284,22679.43503,goal_reached
2.194924,220,22728.991504,goal_reached
2.679653,198,22774.147412,goal_reached
3.790425,193,22818.020519,goal_reached
-1.498289,112,22845.682072,collision
2.899729,104,22871.70736,goal_reached
2.668027,160,22908.887707,goal_reached
4.274827,170,22948.247359,goal_reached
3.583843,139,22981.459275,goal_reached
3.538542,138,23014.367508,goal_reached
0.216519,134,23046.305521,collision
3.091743,170,23085.585828,goal_reached
1.936303,209,23132.905683,goal_reached
2.668581,121,23162.305936,goal_reached
0.811877,362,23240.424468,goal_reached
2.930865,234,23292.688487,goal_reached
0.498354,214,23340.982833,goal_reached
3.538732,236,23393.792319,goal_reached
3.308925,156,23430.208399,goal_reached
-2.401898,544,25283.38932,goal_reached
-0.204884,107,25309.999343,collision
3.777239,143,25343.861845,goal_reached
2.982949,120,25373.218731,goal_reached
1.376187,398,25458.429544,goal_reached
-2.735434,418,25548.074335,collision
3.10248,167,25586.682744,goal_reached
3.186245,249,25641.801266,goal_reached
-0.90141,49,25656.743121,collision
3.433785,209,25703.879688,goal_reached
2.027419,158,25740.73785,goal_reached
3.45805,202,25786.555029,goal_reached
4.120042,186,25829.138596,goal_reached
3.632721,241,25882.869721,goal_reached
4.262778,169,25922.210506,goal_reached
2.906185,110,25949.439608,goal_reached
-0.868887,75,25969.585236,collision
-0.992602,54,25985.409981,collision
4.246331,164,26023.404469,goal_reached
3.487257,133,26055.346421,goal_reached
3.070377,113,26083.173911,goal_reached
1.541022,151,26118.747758,goal_reached
3.65392,166,26157.34624,goal_reached
-1.490746,181,26198.959204,collision
3.832847,257,26255.699609,goal_reached
3.722179,150,26291.09555,goal_reached
-0.699906,45,26305.375301,collision
3.779738,197,26350.162543,goal_reached
1.635284,343,27034.919706,goal_reached
-0.952302,96,27059.475754,collision
-0.970924,108,27086.186603,collision
0.86734,275,27146.549175,goal_reached
3.172992,115,27174.897837,goal_reached
2.296863,252,27230.637009,goal_reached
3.497196,221,27280.256093,goal_reached
-2.305056,238,27333.431814,collision
4.178623,162,27371.016198,goal_reached
0.281577,170,27410.392346,collision
-0.380192,80,27431.472213,collision
-1.153443,58,27448.131211,collision
3.886369,166,27486.664813,goal_reached
3.241599,163,27524.478501,goal_reached
3.879228,123,27554.371465,goal_reached
3.369632,192,27598.133539,goal_reached
2.928444,120,27627.559991,goal_reached
4.034021,168,27666.48108,goal_reached
3.355573,190,27709.748086,goal_reached
2.271255,144,27743.871463,goal_reached
-1.062523,43,27757.630534,collision
2.614263,198,27802.639247,goal_reached
3.20849,186,27845.074327,goal_reached
3.304797,160,27882.33336,goal_reached
-1.770742,214,27930.573714,collision
0.123179,142,27964.259744,collision
1.229277,226,28014.992335,collision
2.987294,279,28076.061531,goal_reached
-1.059915,287,28139.048183,collision
-0.898964,181,28743.522046,collision
-4.749189,158,28780.452389,collision
-0.537278,80,28801.003401,collision
0.18785,362,28878.722657,goal_reached
3.638614,136,28911.1183,goal_reached
-2.758854,255,28967.652264,collision
0.223408,206,29013.997421,goal_reached
-1.391001,144,29047.98517,collision
-1.85105,347,29122.820207,collision
-0.925354,283,29184.817444,collision
3.978262,191,29228.29726,goal_reached
0.701087,306,29295.184264,goal_reached
2.532455,233,29347.11743,goal_reached
-1.050219,36,29359.476077,collision
3.359866,189,29402.599603,goal_reached
1.404807,246,29457.116189,goal_reached
4.250734,161,29494.544806,goal_reached
1.401574,298,29559.605866,goal_reached
2.67805,133,29591.33873,goal_reached
-0.690887,751,29747.690508,goal_reached
-0.510996,115,29776.087286,collision
4.091217,142,29809.660943,goal_reached
-1.772707,384,30798.395577,goal_reached
-1.168964,44,30812.322277,collision
1.82942,195,30856.592888,goal_reached
3.845608,225,30907.27701,goal_reached
2.322486,280,30968.744787,goal_reached
3.494476,144,31002.807091,goal_reached
-0.529911,117,31031.473013,collision
1.826389,139,31064.497156,goal_reached
-1.31383,125,31094.823262,collision
3.54198,151,31130.462331,goal_reached
3.827835,181,31172.025615,goal_reached
3.617856,233,31224.073492,goal_reached
3.074046,112,31251.784357,goal_reached
2.738216,127,31282.411538,goal_reached
0.132471,120,31311.700431,collision
-1.110745,87,31334.232215,collision
2.453675,287,31397.148305,goal_reached
2.829384,196,31441.576515,goal_reached
4.107128,208,31488.578664,goal_reached
4.12409,165,31527.051733,goal_reached
-0.900928,52,31542.631109,collision
3.291809,198,31587.607046,goal_reached
3.367679,166,31626.0687,goal_reached
3.019329,109,31653.100779,goal_reached
-0.706636,53,31668.892146,collision
0.306136,96,31693.239243,collision
2.60737,140,31726.559364,goal_reached
0.820191,290,31790.061984,goal_reached
2.469132,162,31827.726543,goal_reached
1.011538,235,31880.354294,collision
3.154554,103,31906.277532,goal_reached
1.529286,162,32625.708344,goal_reached
-1.473565,125,32655.980272,collision
3.008481,168,32694.869514,goal_reached
3.857153,166,32733.424394,goal_reached
1.560183,181,32774.983728,goal_reached
-0.947143,146,32809.385372,collision
-1.253557,103,32835.126931,collision
0.395373,147,32869.751252,collision
-4.236399,191,32913.346473,collision
0.098795,268,32972.332767,collision
-1.142941,225,33022.688792,collision
3.959181,163,33060.42451,goal_reached
3.412458,135,33092.638558,goal_reached
3.313824,193,33136.628876,goal_reached
-0.807475,171,33176.265922,collision
-1.141221,294,33240.287368,collision
1.328364,134,33272.310273,goal_reached
-2.516014,153,33308.17177,collision
3.673096,199,33353.245436,goal_reached
3.26419,142,33386.968637,goal_reached
1.207414,207,33433.869521,goal_reached
2.839285,263,33491.859748,goal_reached
-0.712639,124,33521.95038,collision
1.054957,274,33582.049248,collision
2.402209,222,33631.737039,goal_reached
-1.626639,107,33658.462163,collision
2.627542,225,33708.995344,goal_reached
3.670786,266,34328.722565,goal_reached
2.784201,143,34362.608992,goal_reached
4.030742,150,34397.951188,goal_reached
-1.21041,89,34421.004557,collision
3.546879,135,34453.316556,goal_reached
3.293206,162,34491.132559,goal_reached
-1.356052,102,34516.742305,collision
2.94777,183,34558.709131,goal_reached
-2.486093,66,34577.041227,collision
-2.116546,256,34633.503665,goal_reached
2.145511,130,34664.700322,goal_reached
2.79273,174,34704.906483,goal_reached
-2.805964,367,34783.782161,collision
2.468296,256,34840.182825,goal_reached
-0.66944,285,34902.903262,collision
-1.437408,63,34920.672584,collision
-1.14007,50,34935.781358,collision
3.024461,217,34984.491744,goal_reached
2.663045,208,35031.432478,goal_reached
2.804912,178,35072.304698,goal_reached
3.800662,139,35105.382245,goal_reached
3.886372,157,35142.055006,goal_reached
-1.649886,84,35164.089145,collision
3.656186,206,35210.605834,goal_reached
-1.506152,62,35228.172719,collision
1.84188,254,35284.412172,goal_reached
3.301393,197,35329.178599,goal_reached
2.468218,179,35370.3929,goal_reached
2.783958,265,35428.798403,goal_reached
-1.244873,270,36487.626296,collision
3.858729,171,36527.018879,goal_reached
-0.775965,44,36540.9792,collision
-0.961442,35,36553.029865,collision
1.442911,170,36592.306241,goal_reached
1.617926,184,36634.344516,goal_reached
1.796784,248,36689.313968,goal_reached
-0.964583,50,36704.487866,collision
2.617054,113,36732.318895,goal_reached
2.866185,143,36766.232829,goal_reached
3.388917,118,36795.192253,goal_reached
-0.203742,164,36833.453202,collision
2.883177,111,36860.839435,goal_reached
3.654167,144,36894.898752,goal_reached
1.077271,179,36936.154331,goal_reached
1.804241,126,36966.813311,goal_reached
-0.983787,163,37004.674263,collision
2.172163,245,37059.139565,goal_reached
0.227958,218,37108.051686,collision
2.738236,205,37154.330991,goal_reached
0.057804,154,37190.397511,collision
2.818997,173,37230.146379,goal_reached
-0.867465,385,37312.808374,goal_reached
-0.996522,208,37359.989096,collision
2.627206,173,37400.043389,goal_reached
3.081538,194,37444.311626,goal_reached
4.094115,144,37478.446,goal_reached
2.906835,123,37508.350309,goal_reached
-1.074837,61,37525.682233,collision
0.483194,140,37558.872895,collision
3.398238,149,37593.900567,goal_reached
-0.768759,66,37612.230887,collision
-0.960169,76,38191.500619,collision
-1.27242,112,38219.059847,collision
-1.704,130,38250.312232,collision
2.741392,263,38308.549487,goal_reached
1.576689,134,38340.639946,goal_reached
3.915967,175,38380.9785,goal_reached
3.322073,239,38434.31687,goal_reached
3.764662,172,38474.077603,goal_reached
-2.063532,143,38508.013618,collision
0.172095,524,38618.389725,goal_reached
1.096507,225,38668.756525,goal_reached
-3.60427,257,38725.506007,collision
3.997631,204,38771.682673,goal_reached
-2.980504,478,38872.967269,goal_reached
0.431854,163,38911.016411,collision
0.871343,150,38946.129548,goal_reached
4.007217,227,38996.876325,goal_reached
3.99013,195,39041.234922,goal_reached
0.074662,192,39085.056284,goal_reached
1.88561,299,39150.353698,goal_reached
2.891337,119,39179.637486,goal_reached
-0.684641,283,39241.831499,goal_reached
3.769046,134,39273.964682,goal_reached
1.923353,264,39871.352219,goal_reached
0.235148,155,39907.624249,collision
2.584803,112,39935.242517,goal_reached
0.431824,124,39965.431497,collision
3.086598,216,40014.027463,goal_reached
1.645793,233,40066.135989,goal_reached
1.332228,364,40144.474113,goal_reached
3.479849,133,40176.400111,goal_reached
-1.244706,78,40197.332296,collision
2.803329,132,40228.999565,goal_reached
4.185935,170,40268.349475,goal_reached
-1.865479,127,40299.118706,collision
4.201249,174,40339.257534,goal_reached
3.000158,101,40364.647101,goal_reached
-1.702435,120,40393.981236,collision
3.81572,152,40429.71061,goal_reached
3.639318,172,40469.438147,goal_reached
3.972532,160,40506.830949,goal_reached
-1.011623,28,40517.644584,collision
0.59399,292,40581.527772,goal_reached
-0.963855,55,40597.818651,collision
3.159392,110,40624.939851,goal_reached
-0.667567,114,40652.953235,collision
1.324185,270,40712.284254,goal_reached
2.036017,184,40754.497697,goal_reached
2.960291,176,40794.877632,goal_reached
0.526552,256,40851.230696,goal_reached
3.965053,172,40890.897664,goal_reached
2.600239,101,40916.316328,goal_reached
3.033302,165,40954.764776,goal_reached
-1.613919,127,40985.458194,collision
2.818466,178,41531.271507,goal_reached
3.978135,161,41568.774342,goal_reached
0.322609,117,41597.548182,collision
2.450089,220,41646.8927,goal_reached
3.433361,109,41673.988749,goal_reached
3.692416,218,41723.143455,goal_reached
1.356524,394,41807.459125,goal_reached
3.53696,137,41840.160398,goal_reached
-1.115972,93,41863.994966,collision
2.892391,162,41901.70832,goal_reached
2.097927,238,41954.649847,goal_reached
1.299955,257,42011.500115,goal_reached
4.091105,198,42056.511637,goal_reached
2.731253,242,42110.348904,goal_reached
-1.446489,68,42129.18419,collision
-0.376557,68,42147.904968,collision
2.903235,186,42190.480978,goal_reached
3.392521,195,42234.961799,goal_reached
-1.681785,117,42263.670371,collision
-0.581734,63,42281.448823,collision
2.430938,271,42341.085801,goal_reached
-1.48996,142,42374.817269,collision
3.911112,165,42413.278505,goal_reached
2.899306,110,42440.485574,goal_reached
0.460087,150,42475.871454,goal_reached
-0.824383,164,42514.039988,collision
-2.227632,80,42535.076212,collision
-1.674588,76,42555.316152,collision
3.237531,131,42586.708772,goal_reached
0.411459,127,42617.415349,collision
-0.82417,121,42646.794324,collision
-0.199888,209,43565.976699,collision
-3.534253,200,43611.236413,collision
3.103496,100,43636.334073,goal_reached
2.798692,384,43718.861665,goal_reached
4.085673,152,43754.835044,goal_reached
-0.530366,69,43773.885802,collision
2.274109,323,43843.98756,goal_reached
-0.320022,223,43894.001511,goal_reached
-0.826805,99,43919.094271,collision
3.680031,203,43965.065724,goal_reached
3.574469,166,44003.726296,goal_reached
2.871643,242,44057.659424,goal_reached
-1.36697,151,44093.249564,collision
3.032432,107,44119.734426,goal_reached
-0.223704,79,44140.748076,collision
-1.205703,57,44157.237926,collision
-2.377182,176,44197.758502,collision
-0.398531,89,44220.73913,collision
4.107703,181,44262.185663,goal_reached
2.027034,186,44304.798193,goal_reached
-0.006243,405,44391.776398,goal_reached
3.689719,221,44441.640125,goal_reached
3.651984,273,44501.77164,goal_reached
-1.453954,127,44532.355211,collision
3.454355,170,44571.547413,goal_reached
-1.148031,91,44594.917367,collision
4.085459,142,44628.664693,goal_reached
2.51827,163,44666.576741,goal_reached
2.996691,117,44695.356787,goal_reached
3.079926,227,45382.889529,goal_reached
2.018492,199,45428.210419,goal_reached
-1.341787,83,45450.130268,collision
1.261072,222,45499.768835,goal_reached
3.60512,172,45539.594689,goal_reached
0.840832,240,45593.233656,goal_reached
3.559551,136,45625.699947,goal_reached
2.424826,227,45676.759343,goal_reached
-1.384947,182,45718.43592,collision
2.9542,185,45760.685357,goal_reached
3.895875,149,45795.851672,goal_reached
0.825115,232,45847.854214,collision
1.402432,134,45879.831534,goal_reached
-0.054291,60,45897.034949,collision
2.360985,226,45947.582101,goal_reached
-0.478352,368,46026.616841,goal_reached
-1.236493,80,46047.858301,collision
1.685285,222,46097.77791,goal_reached
3.613247,130,46129.000908,goal_reached
3.88576,173,46168.892088,goal_reached
0.188031,246,46223.651956,goal_reached
2.934275,146,46258.16976,goal_reached
0.891012,215,46306.753545,collision
1.247666,418,46395.892862,goal_reached
-0.823288,58,46412.567218,collision
1.189279,153,46448.449533,goal_reached
4.031182,135,46480.803114,goal_reached
3.547854,109,47262.53073,goal_reached
3.047529,161,47300.043518,goal_reached
-1.718422,268,47359.053216,collision
3.133118,180,47400.209068,goal_reached
3.387516,130,47431.43958,goal_reached
3.507384,166,47470.105659,goal_reached
1.85356,288,47533.195706,goal_reached
2.180679,229,47584.509664,goal_reached
-1.37999,83,47606.361869,collision
1.661439,435,47699.096574,goal_reached
2.922713,194,47743.579908,goal_reached
2.823788,69,47762.552459,goal_reached
0.311859,224,47812.683236,collision
3.890536,123,47842.509167,goal_reached
2.145359,278,47903.767675,goal_reached
-1.192969,409,47991.223863,collision
-1.409417,314,48059.334402,collision
-0.910931,181,48100.755403,collision
2.215086,132,48132.397494,goal_reached
3.63606,236,48185.177912,goal_reached
1.623952,176,48225.815513,goal_reached
1.45618,244,48280.271336,goal_reached
3.537209,146,48314.895412,goal_reached
3.214171,150,48350.098181,goal_reached
-2.486023,584,49578.705697,goal_reached
1.69652,234,49631.043799,goal_reached
2.709049,199,49676.352696,goal_reached
3.46036,200,49721.569571,goal_reached
2.913143,166,49760.15277,goal_reached
3.147169,192,49803.925291,goal_reached
-0.016485,93,49827.78934,collision
-0.596878,100,49853.044154,collision
3.430785,244,49907.304507,goal_reached
-0.980122,132,49939.041082,collision
-0.665923,41,49952.397236,collision
3.678506,160,49989.580492,goal_reached
1.620888,199,50034.945491,goal_reached
4.19517,157,50071.657597,goal_reached
2.21108,239,50124.907811,goal_reached
-0.645162,57,50141.589688,collision
2.947525,228,50192.415645,goal_reached
-1.05909,69,50211.389186,collision
4.0338,182,50253.109388,goal_reached
2.81407,136,50285.569226,goal_reached
-1.898225,311,50353.485419,collision
3.440315,124,50383.634957,goal_reached
0.277062,117,50412.45823,collision
3.745061,153,50448.22747,goal_reached
0.281104,102,50473.893974,collision
-1.337134,264,50532.221646,collision
-0.773378,108,50558.948349,collision
2.77698,100,50584.041218,goal_reached
-0.988955,36,50596.386292,collision
-0.102434,88,50619.096301,collision
-2.692468,112,51314.299415,collision
-0.194866,250,51369.572205,collision
-0.661424,195,51413.868229,collision
3.225447,111,51441.412154,goal_reached
2.609884,267,51500.283677,goal_reached
-0.495718,152,51535.99438,collision
-1.755791,153,51571.906257,collision
-0.705892,50,51587.066356,collision
3.569523,176,51627.430488,goal_reached
2.073237,218,51676.344824,goal_reached
3.371388,149,51711.458978,goal_reached
-0.902263,98,51736.440484,collision
-0.61572,179,51777.53403,collision
4.116659,154,51813.589206,goal_reached
1.653549,91,51837.091423,goal_reached
2.545867,92,51860.679981,goal_reached
2.766245,126,51891.111101,goal_reached
3.540747,144,51925.250427,goal_reached
-0.842625,75,51945.549314,collision
2.801633,94,51969.605395,goal_reached
-0.698597,41,51982.938347,collision
0.871261,145,52017.125977,collision
-0.500948,101,52042.505525,collision
3.026764,129,52073.614541,goal_reached
3.264885,132,52105.266115,goal_reached
3.002074,130,52136.558912,goal_reached
3.798401,137,52169.266203,goal_reached
3.798516,115,52197.610476,goal_reached
3.333721,148,52232.559408,goal_reached
3.211828,161,52270.262697,goal_reached
-1.085929,57,52286.856241,collision
-0.223999,256,52343.334319,collision
-0.255428,83,52365.039239,collision
-0.539205,108,52391.750227,collision
0.47396,160,52429.010259,collision
-1.153365,46,52443.347139,collision
3.354476,174,52483.418612,goal_reached
3.988321,223,53251.719555,goal_reached
0.454339,80,53273.048738,collision
3.899155,156,53309.408835,goal_reached
3.985791,135,53341.705801,goal_reached
-0.059879,216,53390.470317,collision
3.016277,211,53438.209584,goal_reached
0.098058,99,53463.229254,collision
-0.881388,228,53514.16214,collision
3.631676,128,53544.963434,goal_reached
3.902216,147,53579.5853,goal_reached
2.422147,151,53615.017057,goal_reached
2.871996,188,53658.176307,goal_reached
2.270727,155,53694.556877,goal_reached
0.254776,107,53721.157591,collision
-0.149472,65,53739.267201,collision
0.541255,114,53767.221173,collision
3.148004,130,53798.367201,goal_reached
2.721468,170,53837.669142,goal_reached
2.049189,125,53867.95161,goal_reached
3.789223,163,53905.925445,goal_reached
2.9673,141,53939.679459,goal_reached
2.789694,91,53963.118661,goal_reached
-0.427108,57,53979.70042,collision
-0.796549,47,53994.200302,collision
3.360262,129,54025.187454,goal_reached
0.887123,232,54076.982847,goal_reached
-0.949066,331,54148.891406,collision
3.384935,156,54185.222666,goal_reached
3.615568,158,54222.087727,goal_reached
2.138768,235,54274.410683,goal_reached
3.197338,162,54312.172717,goal_reached
-1.055963,45,54326.374383,collision
-0.381648,61,54343.698418,collision
3.597316,167,54382.417622,goal_reached
-0.021106,118,55027.763214,collision
3.880103,236,55080.294875,goal_reached
2.925605,188,55123.31263,goal_reached
2.545786,137,55156.193775,goal_reached
0.663009,98,55181.040264,collision
-0.018066,98,55205.846447,collision
-0.566715,48,55220.55902,collision
2.851398,83,55242.409844,goal_reached
2.943775,123,55272.333789,goal_reached
0.122096,85,55294.575814,collision
-0.948588,78,55315.330565,collision
-0.639556,189,55358.618215,collision
2.917795,181,55400.157623,goal_reached
1.932822,180,55441.475979,goal_reached
-0.300545,47,55456.067286,collision
1.548852,185,55498.548497,goal_reached
3.107502,160,55535.823662,goal_reached
2.774111,138,55568.753998,goal_reached
-1.723804,78,55589.583381,collision
0.840029,143,55623.508869,goal_reached
3.590661,199,55668.732514,goal_reached
0.824678,176,55709.343396,goal_reached
-0.682162,99,55734.410086,collision
3.082918,107,55761.006457,goal_reached
-0.396246,59,55778.069037,collision
1.959266,137,55810.689278,goal_reached
3.239766,93,55834.413047,goal_reached
0.053557,132,55866.107206,collision
3.407269,201,55911.716687,goal_reached
4.031444,201,55957.207822,goal_reached
2.567431,163,55995.133214,goal_reached
3.461997,121,56024.682436,goal_reached
3.011006,119,56053.775938,goal_reached
-0.09135,79,56074.646126,collision
3.19362,117,56103.238372,goal_reached
1.740441,90,56126.514506,goal_reached
3.011265,131,56158.151814,goal_reached
3.413288,117,56186.818809,goal_reached
-0.825684,26,56197.179384,collision
-0.201802,62,56214.709322,collision
0.704143,135,56673.418067,collision
3.379648,142,56707.091689,goal_reached
4.125438,138,56740.090784,goal_reached
2.491543,151,56775.577046,goal_reached
3.484134,147,56810.320508,goal_reached
-1.04153,52,56825.947201,collision
3.678313,198,56870.704407,goal_reached
-0.338236,147,56905.485838,collision
3.07241,118,56934.378638,goal_reached
2.848182,122,56964.013806,goal_reached
3.049105,166,57002.487159,goal_reached
3.706371,185,57044.947623,goal_reached
-0.12489,162,57082.796763,collision
3.388383,230,57134.028905,goal_reached
2.011432,111,57161.41696,goal_reached
1.811558,152,57197.100505,goal_reached
2.965563,195,57241.363639,goal_reached
2.078922,158,57278.383763,goal_reached
-0.801937,275,57338.833204,collision
-0.966648,45,57352.877209,collision
-0.093021,73,57372.557211,collision
0.341859,90,57395.783461,collision
3.03452,147,57430.439354,goal_reached
-0.894646,31,57441.745269,collision
2.445307,168,57480.591472,goal_reached
-0.848256,136,57512.976194,collision
2.536848,161,57550.344314,goal_reached
-0.727657,111,57577.893972,collision
2.94224,93,57601.633471,goal_reached
-2.576207,243,57655.716737,collision
-1.130476,92,57679.278144,collision
3.446355,118,57708.017401,goal_reached
2.795016,75,57728.31764,goal_reached
-1.202583,113,57756.256874,collision
2.329885,184,57798.315894,goal_reached
2.527941,110,57825.603222,goal_reached
-0.437918,49,57840.604317,collision
-0.547202,96,58338.194685,collision
3.759532,139,58371.230223,goal_reached
1.232908,412,58459.212387,goal_reached
-1.074939,30,58470.288859,collision
0.460691,86,58492.593218,collision
3.071966,103,58518.277218,goal_reached
-0.041152,285,58580.875207,goal_reached
3.971483,238,58634.001389,goal_reached
1.337687,207,58680.814476,goal_reached
3.009365,93,58704.639534,goal_reached
1.711202,97,58729.218037,goal_reached
2.162904,94,58753.225796,goal_reached
3.319069,172,58793.159824,goal_reached
0.394036,70,58812.373559,collision
3.395375,163,58850.21232,goal_reached
3.491956,183,58892.337331,goal_reached
2.672413,119,58921.543739,goal_reached
-0.460035,62,58939.083776,collision
3.415225,190,58982.380844,goal_reached
3.973945,143,59016.329552,goal_reached
2.629472,244,59070.735888,goal_reached
3.926377,163,59108.646403,goal_reached
2.276489,182,59150.328708,goal_reached
-0.913901,71,59169.670995,collision
1.638715,206,59216.031765,goal_reached
-0.186687,168,59254.950737,collision
3.494957,189,59298.20555,goal_reached
2.842642,229,59349.370618,goal_reached
2.631852,167,59388.149606,goal_reached
-2.26136,67,59406.800632,collision
4.189166,124,59436.863545,goal_reached
2.748351,115,59465.114877,goal_reached
-0.725151,98,59489.946649,collision
-0.566967,40,60319.198088,collision
-0.048095,124,60349.207319,collision
2.907113,173,60389.121827,goal_reached
-0.518509,91,60412.552245,collision
-1.357053,55,60428.652235,collision
3.147992,125,60458.805681,goal_reached
3.196003,153,60494.72192,goal_reached
-0.394642,89,60517.684212,collision
2.852909,185,60559.926683,goal_reached
3.558356,172,60599.684237,goal_reached
0.588653,129,60630.777146,collision
-0.604123,96,60655.054254,collision
2.910129,143,60688.837861,goal_reached
2.477244,136,60721.411492,goal_reached
2.851041,119,60750.535328,goal_reached
-0.106956,64,60768.550426,collision
-0.764978,31,60779.804114,collision
-0.966001,35,60791.863237,collision
3.95211,148,60826.745613,goal_reached
-0.199645,360,60904.16805,collision
-2.098721,133,60935.883261,collision
-0.863825,46,60950.132277,collision
3.377035,129,60981.208495,goal_reached
0.080035,84,61003.315235,collision
2.876628,137,61036.028559,goal_reached
1.32807,215,61084.361589,goal_reached
3.201241,191,61127.875,goal_reached
-0.869883,163,61165.867219,collision
2.468612,144,61199.908691,goal_reached
3.509565,133,61231.747291,goal_reached
0.31712,120,61261.085415,collision
1.068836,89,61284.082735,collision
2.238519,144,61318.224487,goal_reached
3.624174,131,61349.851452,goal_reached
0.019725,107,61376.537453,collision
-0.424712,81,61397.959064,collision
3.478469,105,61424.190634,goal_reached
2.610627,106,61450.647095,goal_reached
-0.236674,50,61465.842295,collision
4.12719,184,61507.920779,goal_reached
-1.221262,93,62046.226145,collision
0.846239,123,62076.069176,collision
1.485583,168,62115.066009,collision
4.055936,127,62145.717695,goal_reached
3.292441,116,62174.289373,goal_reached
0.410068,99,62199.534644,collision
-0.316743,76,62219.967567,collision
3.509724,146,62254.325514,goal_reached
3.491352,106,62280.648416,goal_reached
3.177609,138,62313.555624,goal_reached
-3.714952,235,62366.092761,collision
3.767341,153,62402.124402,goal_reached
3.98248,224,62452.379979,goal_reached
3.871564,144,62486.445572,goal_reached
-1.106566,31,62497.823124,collision
-0.270236,54,62513.805429,collision
2.645598,173,62553.587561,goal_reached
-0.449428,74,62573.592091,collision
3.444018,158,62610.448834,goal_reached
-1.535326,59,62627.47926,collision
-0.594223,51,62642.779276,collision
1.709818,242,62696.547827,goal_reached
-0.921885,128,62727.290574,collision
-1.351223,88,62750.104717,collision
0.770116,355,62826.719538,goal_reached
3.6654,114,62854.724535,goal_reached
1.932786,192,62898.643662,goal_reached
1.593931,176,62939.333111,goal_reached
-0.629595,32,62950.925172,collision
-0.808486,28,62961.631011,collision
0.657915,146,62996.201465,collision
3.023824,138,63028.989458,goal_reached
0.079301,62,63046.648886,collision
3.317543,134,63078.816064,goal_reached
-1.848121,51,63094.340048,collision
3.139822,105,63120.434246,goal_reached
-0.875521,39,63133.409392,collision
0.201021,355,63210.17935,goal_reached
-1.477095,146,63664.437634,collision
3.242497,120,63693.629784,goal_reached
2.687196,185,63736.079599,goal_reached
3.62545,164,63774.218825,goal_reached
-1.357187,94,63798.187217,collision
3.653334,135,63830.323801,goal_reached
-0.119094,219,63879.513448,goal_reached
2.847406,112,63907.077164,goal_reached
-1.015196,56,63923.457889,collision
4.031696,135,63955.57813,goal_reached
-2.501278,519,64065.434684,collision
3.473769,103,64091.17711,goal_reached
2.956569,80,64112.432802,goal_reached
3.643606,126,64142.968988,goal_reached
-0.984774,35,64155.256949,collision
3.49193,99,64180.21446,goal_reached
4.151801,122,64209.894932,goal_reached
-0.83566,45,64224.139345,collision
2.738298,95,64248.392298,goal_reached
2.211907,237,64301.317502,goal_reached
2.633963,134,64333.390733,goal_reached
3.739126,165,64371.656616,goal_reached
-0.145273,133,64403.469222,collision
1.124284,165,64441.653239,collision
-0.743295,39,64454.458167,collision
3.171364,126,64484.782783,goal_reached
3.945917,154,64520.907727,goal_reached
-0.948727,33,64532.642505,collision
2.823649,111,64559.995123,goal_reached
3.560194,118,64588.807792,goal_reached
-0.706551,56,64605.077691,collision
0.063654,69,64623.947198,collision
-1.675033,97,64648.52269,collision
-0.567206,51,64663.788256,collision
-1.203991,42,64677.290216,collision
3.410576,139,64710.334453,goal_reached
3.878684,136,64742.877512,goal_reached
2.888684,96,64767.251419,goal_reached
0.385096,96,64791.668144,collision
0.574209,186,64834.213228,goal_reached
1.475227,268,65357.498808,goal_reached
3.568903,115,65385.863102,goal_reached
0.542471,86,65408.35878,collision
2.943875,113,65436.322107,goal_reached
4.177107,155,65472.862509,goal_reached
3.46194,128,65503.893846,goal_reached
3.329497,117,65532.701869,goal_reached
2.93728,76,65553.229162,goal_reached
3.977625,128,65584.302129,goal_reached
0.034786,307,65651.585225,goal_reached
2.872231,107,65678.430792,goal_reached
-0.283081,45,65692.687404,collision
3.783385,149,65727.890632,goal_reached
-0.65978,42,65741.541114,collision
2.271452,132,65773.295918,goal_reached
-0.802118,33,65785.13789,collision
3.886225,135,65817.546375,goal_reached
-0.994272,33,65829.386856,collision
3.324939,118,65858.324259,goal_reached
-3.442128,475,65959.613412,collision
-0.522145,61,65976.979611,collision
3.058796,203,66023.064641,goal_reached
-0.989725,61,66040.540743,collision
2.268452,184,66082.907317,goal_reached
3.95367,144,66117.197108,goal_reached
0.42652,246,66172.124808,goal_reached
0.705474,121,66201.832287,collision
2.732201,214,66250.239238,goal_reached
-1.142561,157,66287.148473,collision
1.161626,144,66321.301839,collision
0.501922,78,66342.090417,collision
3.394523,120,66371.404708,goal_reached
2.269056,262,66429.616241,goal_reached
2.759496,196,66474.399425,goal_reached
-0.688183,95,66498.836717,collision
2.939333,162,66947.588325,goal_reached
-0.181259,99,66972.675387,collision
3.575473,140,67006.177305,goal_reached
3.16428,142,67040.120926,goal_reached
-1.815186,51,67055.507509,collision
-1.001297,47,67070.218746,collision
1.737886,153,67106.243486,goal_reached
3.948081,138,67139.291927,goal_reached
3.065036,178,67180.526903,goal_reached
3.01947,153,67216.565597,goal_reached
2.530887,152,67252.482266,goal_reached
-0.137584,98,67277.431184,collision
2.604853,181,67319.176092,goal_reached
3.353531,148,67354.2566,goal_reached
3.270828,152,67390.177634,goal_reached
3.171238,174,67430.544673,goal_reached
-0.989738,62,67448.225462,collision
0.120166,75,67468.40184,collision
0.616637,111,67495.9568,collision
-0.819065,37,67508.509201,collision
2.974081,123,67538.45356,goal_reached
3.326224,188,67581.653293,goal_reached
-0.474488,54,67597.730134,collision
4.032379,114,67625.806252,goal_reached
-0.48918,640,67760.519893,goal_reached
-1.097522,38,67773.355558,collision
-0.540753,35,67785.496316,collision
3.231958,97,67810.184348,goal_reached
2.432076,74,67830.329,goal_reached
3.813076,184,67872.709471,goal_reached
3.818476,126,67903.361365,goal_reached
0.163457,75,67923.66226,collision
3.723039,90,67946.956861,goal_reached
3.486446,107,67973.750855,goal_reached
-1.108276,91,67997.267511,collision
4.187502,110,68024.569339,goal_reached
0.688642,111,68052.198463,collision
3.291666,177,68093.030481,goal_reached
0.34229,122,68122.845189,collision
-0.371792,162,68959.016648,collision
1.613002,212,69007.0248,goal_reached
4.088036,158,69044.12524,goal_reached
2.401207,263,69102.484431,goal_reached
-0.560811,78,69123.312708,collision
2.775641,77,69144.084137,goal_reached
2.922415,212,69192.170195,goal_reached
-0.450374,138,69225.241658,collision
3.671757,113,69253.210293,goal_reached
2.206888,167,69292.120039,goal_reached
-0.330902,52,69307.87965,collision
3.924092,132,69339.694183,goal_reached
2.01582,189,69383.127872,goal_reached
4.258461,123,69413.159913,goal_reached
-1.225864,71,69432.759619,collision
3.67679,209,69480.124633,goal_reached
3.329999,190,69523.731013,goal_reached
-1.123671,23,69533.515763,collision
0.383014,152,69569.246974,collision
-1.481847,68,69588.091094,collision
1.440729,196,69632.83933,collision
-0.035245,74,69652.851518,collision
0.303521,67,69671.461541,collision
-1.041425,33,69683.200768,collision
1.14283,160,69720.576395,collision
0.554348,219,69769.947647,collision
0.942379,95,69794.177134,goal_reached
-0.440212,192,69838.16786,collision
3.795309,193,69882.228824,goal_reached
1.219771,129,69913.466886,goal_reached
3.147663,161,69951.187943,goal_reached
3.808651,149,69986.542792,goal_reached
-0.528275,64,70004.641022,collision
3.268572,89,70027.684841,goal_reached
-0.286338,45,70041.973465,collision
-0.450984,42,70055.556513,collision
3.27183,92,70079.255095,goal_reached
-0.899916,33,70091.149987,collision
3.014798,70,70110.386443,goal_reached
2.934503,92,70134.165099,goal_reached
0.240933,71,70153.766156,collision
3.939084,132,70653.573364,goal_reached
2.459576,233,70705.889674,goal_reached
2.527983,189,70749.256758,goal_reached
0.491954,180,70790.889736,collision
3.80182,104,70816.994012,goal_reached
-1.235143,26,70827.396675,collision
3.677149,99,70852.523995,goal_reached
-0.495249,75,70872.83431,collision
3.939847,160,70910.303745,goal_reached
-1.038605,204,70956.797288,collision
-0.795558,83,70978.618342,collision
3.474285,100,71003.945775,goal_reached
-1.76188,85,71026.368775,collision
-0.592352,61,71043.8921,collision
-1.191899,62,71061.494112,collision
-1.163604,36,71073.848136,collision
3.367383,107,71100.522091,goal_reached
-1.385619,94,71124.737952,collision
-0.1616,63,71142.545992,collision
-0.770299,88,71165.408295,collision
3.312344,117,71194.170276,goal_reached
-0.352326,73,71214.079378,collision
3.636659,124,71244.194515,goal_reached
2.874677,90,71267.619182,goal_reached
3.328054,101,71293.277951,goal_reached
-0.080986,72,71312.986592,collision
1.892556,88,71335.855627,goal_reached
4.024083,137,71368.739859,goal_reached
2.973394,74,71388.880462,goal_reached
-1.345535,236,71441.98185,collision
3.648909,97,71466.702329,goal_reached
-0.725377,57,71483.410336,collision
0.329478,78,71504.246249,collision
1.956796,165,71542.753545,goal_reached
3.880046,115,71571.15411,goal_reached
4.2657,110,71598.576056,goal_reached
-1.106363,402,71685.035037,collision
2.834205,74,71705.121775,goal_reached
2.794648,76,71725.646898,goal_reached
3.169959,121,71755.261853,goal_reached
3.10357,76,71775.811422,goal_reached
1.442325,100,71801.175721,goal_reached
-0.130788,59,71818.278672,collision
1.132455,173,71858.351031,goal_reached
0.90111,353,72558.168886,goal_reached
3.18943,117,72587.099382,goal_reached
3.450645,127,72617.947704,goal_reached
2.758289,107,72644.805286,goal_reached
4.262884,148,72679.887187,goal_reached
0.252138,69,72698.982877,collision
2.330484,88,72721.874,goal_reached
-0.332647,76,72742.519746,collision
0.082117,68,72761.380073,collision
3.452453,116,72789.971869,goal_reached
-1.26224,40,72803.291085,collision
1.996008,94,72827.536378,goal_reached
0.31502,195,72872.163114,collision
-0.215565,63,72889.969355,collision
-0.27434,66,72908.428371,collision
3.738593,115,72936.830107,goal_reached
-0.779215,77,72957.585809,collision
1.139468,174,72997.905361,goal_reached
-0.366477,149,73033.33923,collision
3.001549,196,73078.028408,goal_reached
4.092517,121,73107.664898,goal_reached
2.946112,115,73136.092708,goal_reached
4.016246,126,73166.756325,goal_reached
1.806373,159,73204.130233,goal_reached
2.924798,122,73233.958379,goal_reached
3.356836,99,73259.177763,goal_reached
3.208829,172,73299.206552,goal_reached
4.010401,134,73331.447298,goal_reached
2.90615,123,73361.497312,goal_reached
-0.494567,41,73375.046844,collision
2.57948,110,73402.494646,goal_reached
1.332453,128,73433.543935,collision
0.571485,169,73472.829921,collision
3.540224,99,73497.975293,goal_reached
-0.030751,209,73545.438963,goal_reached
2.39983,200,73591.084839,goal_reached
4.187737,115,73619.522682,goal_reached
1.09437,338,73693.11585,goal_reached
0.363219,295,74144.178609,goal_reached
-1.585412,84,74166.426271,collision
3.310977,81,74188.006322,goal_reached
3.572335,96,74212.520084,goal_reached
3.414138,124,74242.778253,goal_reached
-0.270236,61,74260.247396,collision
0.137553,81,74281.690005,collision
3.109674,66,74300.069631,goal_reached
3.52914,93,74324.063237,goal_reached
-0.476925,64,74342.152976,collision
-0.179531,66,74360.562933,collision
1.56559,161,74398.292744,goal_reached
3.406277,116,74426.944645,goal_reached
2.860772,168,74466.048295,goal_reached
2.595957,144,74500.339388,goal_reached
2.757587,82,74522.070244,goal_reached
-0.499719,45,74536.362012,collision
-0.874741,30,74547.540492,collision
3.8547,138,74580.664036,goal_reached
3.54805,104,74606.933132,goal_reached
3.450394,89,74630.146063,goal_reached
3.738923,159,74667.550596,goal_reached
0.3337,63,74685.509411,collision
0.095492,72,74705.143591,collision
2.213843,118,74734.088072,goal_reached
3.849239,88,74757.03116,goal_reached
-0.472306,44,74771.065319,collision
-0.541798,40,74784.208471,collision
3.247497,156,74820.78497,goal_reached
-0.764017,28,74831.625182,collision
3.337488,109,74858.755282,goal_reached
-0.71443,30,74869.97267,collision
-0.591594,43,74883.788698,collision
-0.668341,33,74895.669356,collision
1.95021,171,74935.339902,goal_reached
1.892599,119,74964.59146,goal_reached
3.364388,145,74999.123342,goal_reached
2.183673,124,75029.36046,goal_reached
-1.401246,54,75045.437658,collision
-0.11031,92,75069.117261,collision
-0.220963,186,75111.892055,collision
2.494029,87,75134.535853,goal_reached
-1.488575,75,75154.758233,collision
-1.042307,38,75167.498851,collision
3.44388,101,75193.109316,goal_reached
0.369966,159,75230.501708,collision
-0.062377,94,75254.747941,collision
-0.37739,64,75272.796173,collision
-0.413211,232,75324.80423,collision
2.718887,82,75346.435412,goal_reached
4.090981,100,75756.025595,goal_reached
3.890272,84,75778.175136,goal_reached
3.689352,117,75806.996546,goal_reached
3.200097,87,75829.753525,goal_reached
-0.449228,177,75870.727726,collision
3.795749,91,75894.240587,goal_reached
0.466849,84,75916.397212,collision
2.282355,116,75944.921992,goal_reached
-1.050633,26,75955.333224,collision
3.125908,120,75984.661991,goal_reached
-0.086431,55,76000.96912,collision
3.099221,67,76019.635574,goal_reached
3.89983,115,76048.052664,goal_reached
4.256191,95,76072.422487,goal_reached
-0.924526,30,76083.670427,collision
1.201056,248,76138.974946,goal_reached
0.932667,226,76189.729063,goal_reached
4.016449,109,76217.036533,goal_reached
3.236657,129,76248.321852,goal_reached
3.320276,91,76271.895277,goal_reached
0.398681,147,76306.773019,collision
2.790171,170,76346.201769,goal_reached
4.100876,114,76374.395355,goal_reached
2.978147,143,76408.451632,goal_reached
3.486051,80,76429.797728,goal_reached
2.882028,70,76449.179511,goal_reached
3.386047,93,76473.195604,goal_reached
-0.95699,294,76537.902534,no_progress
-3.359737,79,76559.030544,collision
-1.419153,81,76580.511385,collision
-0.676394,34,76592.397059,collision
-0.51727,39,76605.402793,collision
4.041027,137,76638.208107,goal_reached
-0.323623,50,76653.522791,collision
-0.144673,40,76666.657642,collision
2.614282,100,76691.92386,goal_reached
3.663039,83,76713.839179,goal_reached
-0.114776,45,76728.192461,collision
4.07651,122,76758.08609,goal_reached
4.352244,100,76783.474222,goal_reached
0.93538,181,76825.337419,goal_reached
3.678547,115,76853.83307,goal_reached
4.141667,97,76878.637108,goal_reached
0.188018,75,76899.070814,collision
2.409338,226,76949.874172,goal_reached
0.306568,68,76968.848006,collision
-0.94329,138,77423.698781,collision
-0.066053,74,77443.676049,collision
2.348242,134,77475.805996,goal_reached
-4.774056,198,77521.227311,collision
-1.006275,34,77533.247167,collision
0.980287,84,77555.254519,collision
-0.770352,26,77565.546782,collision
0.530618,126,77596.116534,collision
2.868205,162,77633.934365,goal_reached
2.739658,80,77655.278764,goal_reached
4.165407,139,77688.589813,goal_reached
-0.278415,40,77701.909332,collision
-1.083808,30,77713.201679,collision
-0.878709,29,77724.111183,collision
2.934784,66,77742.50146,goal_reached
2.483928,114,77770.72542,goal_reached
-2.942019,139,77803.939389,collision
3.2737,133,77835.956373,goal_reached
-0.709712,44,77850.012581,collision
-0.109241,48,77864.797007,collision
-0.622621,48,77879.544883,collision
-0.933053,60,77896.746905,collision
4.269482,118,77925.762724,goal_reached
-4.062018,402,78012.434777,collision
-0.45939,38,78025.275727,collision
1.429624,241,78079.132421,goal_reached
-3.652846,166,78117.899617,collision
2.842036,73,78137.925221,goal_reached
1.159874,271,78197.956506,goal_reached
-0.688773,45,78212.283331,collision
3.400418,78,78233.139307,goal_reached
2.41548,82,78254.874409,goal_reached
3.149049,73,78274.861802,goal_reached
-0.065719,47,78289.528336,collision
-1.094143,29,78300.428148,collision
3.57428,81,78321.855541,goal_reached
2.91032,79,78342.999941,goal_reached
-1.181229,32,78354.645948,collision
0.20571,167,78393.504996,collision
-0.39952,64,78411.544981,collision
3.175309,60,78428.721873,goal_reached
-0.17953,46,78443.162446,collision
-0.511148,41,78456.470273,collision
2.668241,133,78488.46341,goal_reached
3.974236,126,78519.062485,goal_reached
0.032384,56,78535.416771,collision
0.430732,179,78576.699355,collision
0.124945,67,78595.316904,collision
2.776774,154,78631.553506,goal_reached
-0.870555,93,78655.434359,collision
-0.637395,51,78670.896349,collision
3.90277,185,79125.840695,goal_reached
-0.172053,61,79143.429401,collision
2.988458,67,79162.044374,goal_reached
-0.15821,80,79183.468886,collision
2.990327,65,79201.858777,goal_reached
0.105429,89,79225.021553,collision
1.977738,122,79254.803312,goal_reached
-0.767107,41,79268.191278,collision
2.739839,131,79299.848683,goal_reached
3.110843,62,79317.592407,goal_reached
3.072194,83,79339.552309,goal_reached
3.207756,106,79366.202418,goal_reached
0.15214,58,79383.111011,collision
4.261329,137,79415.877533,goal_reached
-0.850364,69,79434.988473,collision
1.226817,161,79472.566712,collision
3.548273,86,79495.089139,goal_reached
3.80211,108,79522.122829,goal_reached
3.858036,145,79556.613583,goal_reached
1.042394,181,79598.462123,collision
3.512557,114,79626.649223,goal_reached
0.975947,103,79652.671794,goal_reached
3.815454,107,79679.50052,goal_reached
2.81682,117,79708.330309,goal_reached
-1.506369,46,79722.813013,collision
-2.592273,59,79739.800938,collision
-0.730511,47,79754.347045,collision
2.994214,121,79783.847584,goal_reached
4.069566,115,79812.366399,goal_reached
3.797616,104,79838.57852,goal_reached
2.041867,115,79867.045152,goal_reached
4.107958,105,79893.475357,goal_reached
3.179449,60,79910.786005,goal_reached
0.052111,58,79927.712687,collision
2.076486,125,79958.098401,goal_reached
3.023493,148,79993.304424,goal_reached
3.07977,75,80013.664624,goal_reached
3.693803,100,80039.07369,goal_reached
2.401297,175,80079.627204,goal_reached
1.134162,274,80140.223205,goal_reached
-0.442985,41,80153.681844,collision
3.246699,92,80177.354054,goal_reached
1.747487,144,80211.671814,goal_reached
-0.718029,28,80222.47063,collision
3.668282,99,80247.520499,goal_reached
1.344467,136,80280.146912,collision
3.039412,62,80297.921125,goal_reached
0.403607,91,80321.513645,collision
-0.236249,71,80340.963086,collision
0.20849,243,80953.818176,collision
-1.279609,205,81000.323047,collision
-0.801985,28,81011.180597,collision
3.583518,77,81031.891289,goal_reached
2.692617,74,81052.00156,goal_reached
-2.662673,314,81120.703356,no_progress
2.721005,74,81140.811545,goal_reached
3.085109,69,81159.947532,goal_reached
-0.272147,71,81179.499956,collision
3.748537,105,81205.812567,goal_reached
1.932163,201,81251.680625,goal_reached
4.017712,106,81278.149464,goal_reached
3.024216,60,81295.457689,goal_reached
3.216772,134,81327.804427,goal_reached
3.427137,86,81350.348333,goal_reached
3.4019,137,81383.210487,goal_reached
4.006438,132,81415.103476,goal_reached
-0.280522,53,81431.042466,collision
4.274188,106,81457.544751,goal_reached
4.040257,114,81485.792845,goal_reached
-1.044086,113,81513.794014,collision
1.804878,93,81537.672446,goal_reached
2.952076,72,81557.320239,goal_reached
-0.188187,42,81570.990036,collision
3.075683,117,81599.773522,goal_reached
-0.235454,54,81615.917094,collision
2.686499,79,81636.982235,goal_reached
1.557629,107,81663.810093,goal_reached
2.764231,67,81682.509058,goal_reached
4.0107,132,81714.374848,goal_reached
0.12674,64,81732.541929,collision
-0.490166,43,81746.321426,collision
3.481996,94,81770.395681,goal_reached
-0.746344,73,81790.299432,collision
-0.956122,31,81801.656948,collision
3.239603,155,81838.109154,goal_reached
0.195073,74,81858.219942,collision
2.874269,74,81878.255306,goal_reached
1.272212,125,81908.710207,collision
4.182002,95,81933.006361,goal_reached
2.795544,100,81958.392143,goal_reached
2.765522,155,81994.938468,goal_reached
-0.708793,33,82006.799974,collision
0.820444,96,82031.271912,collision
4.266537,103,82057.169764,goal_reached
3.381325,90,82080.59666,goal_reached
-0.644596,37,82093.219164,collision
3.53929,84,82115.250858,goal_reached
3.562514,93,82139.299113,goal_reached
3.500694,77,82160.089823,goal_reached
-0.643861,42,82173.715484,collision
3.835843,151,82646.158093,goal_reached
3.249762,115,82674.615843,goal_reached
3.039323,122,82704.50816,goal_reached
3.47373,84,82726.667709,goal_reached
-0.344142,52,82742.35211,collision
-4.618456,245,82796.980112,collision
4.087263,110,82824.42963,goal_reached
4.20527,124,82854.674776,goal_reached
3.409538,105,82881.0578,goal_reached
-0.139375,52,82896.708559,collision
3.259172,134,82928.854344,goal_reached
-1.016198,28,82939.680427,collision
-0.79298,56,82956.01339,collision
-1.197558,43,82969.787402,collision
2.365713,101,82995.340898,goal_reached
3.958847,97,83020.129289,goal_reached
-0.119443,54,83036.198484,collision
0.39862,85,83058.506677,collision
3.720826,169,83097.706193,goal_reached
2.711144,174,83138.11572,goal_reached
-0.358804,161,83175.890575,collision
4.135451,103,83201.871102,goal_reached
0.540888,72,83221.694203,collision
3.269998,131,83253.447003,goal_reached
3.47542,85,83275.791077,goal_reached
-0.237436,54,83291.932169,collision
3.791041,90,83315.187449,goal_reached
3.320565,95,83339.59554,goal_reached
1.959169,109,83366.830201,goal_reached
3.003655,63,83384.760484,goal_reached
-0.125974,51,83400.220056,collision
3.110791,62,83417.817738,goal_reached
0.316769,76,83438.437468,collision
0.31314,283,83500.909891,collision
3.753213,119,83530.009662,goal_reached
3.025353,66,83548.49719,goal_reached
0.655268,85,83570.938477,collision
3.426729,188,83614.172126,goal_reached
0.090723,64,83632.131624,collision
3.072382,59,83649.180538,goal_reached
0.593648,80,83670.595026,collision
3.637795,88,83693.627261,goal_reached
-1.208364,47,83708.361381,collision
3.882462,84,83730.392926,goal_reached
-0.337423,44,83744.444362,collision
-0.752099,30,83755.5796,collision
3.1255,106,83782.094627,goal_reached
0.793305,78,83803.029178,collision
4.049199,108,83829.876845,goal_reached
1.606906,89,83853.056648,goal_reached
-0.080582,63,83871.003633,collision
-0.195483,50,83886.169368,collision
-0.109037,50,83901.368145,collision
3.845036,106,84336.997692,goal_reached
3.619319,97,84361.789364,goal_reached
3.674985,95,84386.239039,goal_reached
-0.636557,150,84421.787531,collision
-0.758483,29,84432.733964,collision
3.010719,70,84451.949539,goal_reached
0.623296,71,84471.526572,collision
3.943162,110,84499.005923,goal_reached
0.199541,135,84531.552266,collision
-0.611262,58,84548.383925,collision
3.890423,121,84577.937216,goal_reached
-0.066389,88,84600.883877,collision
3.689465,192,84644.771692,goal_reached
0.32638,119,84674.069475,collision
-0.160399,60,84691.293425,collision
2.128529,223,84741.504895,goal_reached
0.475197,68,84760.442322,collision
1.146452,119,84789.534731,collision
2.169428,187,84832.495672,goal_reached
0.43342,85,84854.908652,collision
0.064395,174,84895.23495,collision
3.613531,110,84922.682391,goal_reached
3.170999,97,84947.512669,goal_reached
4.169635,100,84972.901762,goal_reached
3.164624,60,84990.217522,goal_reached
3.643278,80,85011.586323,goal_reached
3.047652,102,85037.371977,goal_reached
-1.07647,29,85048.381664,collision
0.186731,77,85069.090999,collision
3.074989,110,85096.574211,goal_reached
-0.954355,35,85108.832994,collision
4.116699,99,85133.955601,goal_reached
2.934682,79,85155.103372,goal_reached
-0.83152,34,85167.187227,collision
1.095732,144,85201.402334,collision
-0.540536,53,85217.184031,collision
-0.734429,193,85261.40768,collision
0.310585,70,85280.775954,collision
2.733555,143,85314.726561,goal_reached
3.800566,81,85336.276518,goal_reached
0.97195,246,85391.191888,goal_reached
-3.711339,116,85419.935478,collision
3.878211,80,85441.203808,goal_reached
-0.571163,48,85456.147954,collision
3.806522,83,85478.166856,goal_reached
2.975702,66,85496.687647,goal_reached
0.365977,76,85517.251195,collision
0.294512,72,85536.881472,collision
4.339138,90,85560.155972,goal_reached
2.245973,83,85582.11801,goal_reached
4.006032,91,86058.421434,goal_reached
3.698137,87,86081.204005,goal_reached
3.738855,84,86103.446638,goal_reached
4.166559,98,86128.431276,goal_reached
3.37524,98,86153.421257,goal_reached
3.004225,76,86174.0176,goal_reached
-1.463871,173,86214.322801,collision
-2.740282,82,86236.040793,collision
3.154766,83,86257.886328,goal_reached
3.789225,114,86286.0147,goal_reached
2.980516,70,86305.404164,goal_reached
3.23661,91,86329.001258,goal_reached
3.749752,110,86356.449713,goal_reached
-1.844739,83,86378.44259,collision
2.874102,71,86397.854843,goal_reached
3.875567,86,86420.422274,goal_reached
3.243451,132,86452.298568,goal_reached
4.118623,99,86477.519629,goal_reached
-0.372826,47,86492.15388,collision
3.649453,79,86513.198622,goal_reached
-0.772998,43,86527.127583,collision
0.141299,70,86546.396411,collision
3.750879,89,86569.532235,goal_reached
-0.286909,64,86587.611465,collision
2.042236,115,86615.916352,goal_reached
3.185196,62,86633.58141,goal_reached
-0.7284,30,86644.837264,collision
-0.780297,29,86655.73607,collision
2.593296,104,86681.836184,goal_reached
-0.297801,44,86695.935999,collision
0.446026,68,86714.79705,collision
0.213675,67,86733.402843,collision
2.403591,76,86753.830764,goal_reached
4.341321,93,86777.789967,goal_reached
0.441246,177,86818.779942,collision
2.753449,97,86843.46397,goal_reached
4.341609,92,86867.319508,goal_reached
-0.823439,35,86879.607516,collision
4.193659,94,86903.777047,goal_reached
-0.181026,41,86917.218622,collision
2.032383,83,86939.09198,goal_reached
0.603314,69,86958.269755,collision
-0.801296,31,86969.639373,collision
3.698088,92,86993.290074,goal_reached
0.178797,93,87017.286047,collision
0.871876,189,87060.579897,goal_reached
-0.607027,44,87074.69598,collision
3.310048,176,87115.327351,goal_reached
2.791387,153,87151.558384,goal_reached
2.80766,137,87184.597638,goal_reached
0.714341,82,87206.347281,collision
3.875263,82,87228.028583,goal_reached
2.946183,97,87252.812546,goal_reached
2.787976,82,87274.571861,goal_reached
-0.105064,60,87291.945856,collision
-1.0223,33,87303.856299,collision
-0.243799,60,87321.061351,collision
-1.477778,171,87819.844863,collision
-0.112047,58,87836.821945,collision
-0.241942,46,87851.188111,collision
-1.100674,35,87863.330939,collision
2.768233,77,87883.956428,goal_reached
3.724526,92,87907.740194,goal_reached
2.249038,149,87943.125304,goal_reached
2.565636,79,87964.243075,goal_reached
-0.409836,51,87979.795119,collision
-0.292825,45,87993.980188,collision
3.874433,82,88015.779753,goal_reached
3.57131,72,88035.552444,goal_reached
3.265217,81,88057.055781,goal_reached
2.878821,65,88075.368872,goal_reached
3.46494,98,88100.348374,goal_reached
4.119341,132,88132.206804,goal_reached
0.93936,177,88173.205607,collision
3.377291,121,88202.797048,goal_reached
3.846505,132,88234.741417,goal_reached
3.88395,116,88263.412624,goal_reached
2.177338,156,88300.138384,goal_reached
-0.186964,47,88314.842178,collision
3.720573,94,88338.946347,goal_reached
0.108491,60,88356.254035,collision
-2.934963,181,88397.959397,collision
3.712709,95,88422.230688,goal_reached
1.792246,88,88445.178498,goal_reached
1.431102,141,88478.906108,collision
-0.596158,42,88492.448527,collision
3.648336,77,88513.116576,goal_reached
3.782185,90,88536.500906,goal_reached
3.631108,89,88559.640239,goal_reached
0.688014,85,88582.094144,collision
3.555749,97,88606.884711,goal_reached
-0.509837,48,88621.741347,collision
2.964388,115,88650.128368,goal_reached
0.139682,58,88667.026796,collision
3.028643,100,88692.318365,goal_reached
4.027329,112,88720.113263,goal_reached
3.722859,116,88748.734836,goal_reached
0.136363,67,88767.436474,collision
2.536666,96,88791.908798,goal_reached
3.851641,124,88822.179738,goal_reached
3.469391,95,88846.59895,goal_reached
3.113064,62,88864.313305,goal_reached
2.067594,203,88910.551861,goal_reached
-0.837979,55,88926.835268,collision
0.464205,65,88944.987045,collision
3.39954,110,88972.272028,goal_reached
3.285023,105,88998.737927,goal_reached
0.301578,62,89016.404864,collision
4.089164,104,89042.473388,goal_reached
3.410104,81,89064.052267,goal_reached
0.795612,106,89090.683909,goal_reached
2.937389,134,89759.645213,goal_reached
3.984073,95,89784.056273,goal_reached
-1.242631,137,89816.965893,collision
3.803043,80,89838.277883,goal_reached
-2.534649,178,89879.711731,collision
2.304792,78,89900.498424,goal_reached
3.813154,117,89929.415224,goal_reached
3.466009,193,89973.609459,goal_reached
2.439636,114,90001.838303,goal_reached
-0.031893,53,90017.78238,collision
-0.949251,30,90028.924683,collision
3.758419,153,90065.010132,goal_reached
3.66743,139,90098.326803,goal_reached
0.584775,81,90119.909502,collision
1.884948,191,90163.665601,goal_reached
3.456208,102,90189.501966,goal_reached
-0.347121,41,90202.944716,collision
-2.410206,318,90272.408422,collision
2.838808,126,90303.035349,goal_reached
-0.076401,48,90317.921514,collision
4.196997,99,90343.037542,goal_reached
0.425151,71,90362.57053,collision
2.733696,149,90397.788509,goal_reached
3.583017,117,90426.615098,goal_reached
0.092205,54,90442.713765,collision
0.495362,63,90460.57874,collision
-0.641101,42,90474.137858,collision
-1.091808,24,90484.03475,collision
2.094246,120,90513.527043,goal_reached
3.496342,73,90533.480109,goal_reached
1.007286,86,90556.026386,collision
2.244816,106,90582.600866,goal_reached
-0.144165,47,90597.309364,collision
-0.915837,25,90607.432673,collision
3.272062,95,90631.731366,goal_reached
0.467348,62,90649.445933,collision
-0.951116,65,90667.642744,collision
3.701998,80,90688.908259,goal_reached
-0.023493,50,90704.272455,collision
2.875483,123,90734.381185,goal_reached
3.469374,82,90756.18995,goal_reached
4.188788,98,90781.222762,goal_reached
3.039736,62,90798.945826,goal_reached
3.544343,78,90819.889519,goal_reached
1.602588,110,90847.302414,goal_reached
-0.689292,31,90858.719212,collision
-0.310427,83,90880.566117,collision
-0.532254,42,90894.104456,collision
1.970361,123,90924.087456,goal_reached
0.298788,233,90976.460032,goal_reached
3.690503,93,91000.463694,goal_reached
-0.253479,41,91494.057208,collision
3.259485,93,91518.049126,goal_reached
2.789173,170,91557.594623,goal_reached
0.80085,189,91601.122564,goal_reached
1.139734,162,91639.08524,goal_reached
-0.524828,39,91652.143713,collision
3.785636,117,91680.84659,goal_reached
-3.804188,255,91737.718158,collision
4.214522,107,91764.441556,goal_reached
3.163662,61,91781.93539,goal_reached
-0.050852,68,91800.834728,collision
-0.467116,45,91814.996952,collision
3.653869,137,91847.762304,goal_reached
3.174221,114,91875.99698,goal_reached
-0.676597,35,91888.243145,collision
0.207427,178,91929.340153,collision
3.870101,78,91950.174109,goal_reached
4.124129,94,91974.36932,goal_reached
4.021262,216,92023.324657,goal_reached
-0.587005,83,92045.324273,collision
-0.465894,76,92065.773151,collision
-0.50331,41,92079.127707,collision
0.419402,66,92097.564065,collision
3.100532,133,92129.601538,goal_reached
-0.466788,44,92143.675357,collision
0.210205,62,92161.283397,collision
0.079747,61,92178.758033,collision
3.995132,110,92206.208661,goal_reached
-0.26373,44,92220.271752,collision
2.896262,109,92247.399162,goal_reached
3.814252,89,92270.455501,goal_reached
3.739942,126,92301.147636,goal_reached
-1.048684,38,92313.978828,collision
2.911495,113,92341.918937,goal_reached
-0.552985,77,92362.639788,collision
2.516545,97,92387.360218,goal_reached
-1.290165,62,92405.00318,collision
-1.0483,97,92429.726047,collision
3.533736,94,92453.8368,goal_reached
3.564285,122,92483.692432,goal_reached
0.039038,61,92501.231387,collision
3.826412,85,92523.60421,goal_reached
-0.127601,64,92541.703331,collision
2.926552,65,92559.922994,goal_reached
3.819612,79,92581.082561,goal_reached
-0.267447,63,92598.98109,collision
-0.182564,50,92614.201094,collision
3.555149,96,92638.687455,goal_reached
4.012467,145,92673.27464,goal_reached
4.205578,93,92697.273949,goal_reached
-1.058117,117,92726.17132,collision
1.642083,271,93408.718677,goal_reached
-0.093678,158,93445.976476,goal_reached
-0.487262,63,93463.873811,collision
-0.04646,67,93482.464048,collision
-0.938427,44,93496.452586,collision
-0.31767,43,93510.25971,collision
-0.904502,29,93521.181538,collision
0.655933,103,93547.134994,collision
-0.119248,45,93561.280582,collision
-2.555075,78,93582.073981,collision
-0.42503,121,93611.58901,collision
3.255358,92,93635.228733,goal_reached
-0.504261,53,93651.132169,collision
3.147738,81,93672.6225,goal_reached
-0.811247,31,93684.078913,collision
3.357513,85,93706.417875,goal_reached
3.811057,83,93728.370429,goal_reached
-0.135854,57,93745.120118,collision
0.29906,96,93769.653467,collision
2.853107,84,93791.830116,goal_reached
2.110418,77,93812.619173,goal_reached
3.738504,86,93835.16146,goal_reached
-0.255596,41,93848.694013,collision
-0.665074,32,93860.212419,collision
-1.190168,148,93895.373956,collision
-0.069587,57,93911.921409,collision
3.153698,105,93938.234482,goal_reached
2.748149,105,93964.645882,goal_reached
3.883393,92,93988.440616,goal_reached
3.875261,80,94009.832007,goal_reached
2.773617,92,94033.693789,goal_reached
0.769646,107,94060.550999,goal_reached
-0.978513,305,94127.495764,goal_reached
4.043449,116,94156.123878,goal_reached
-0.548662,30,94167.270841,collision
2.220114,79,94188.443259,goal_reached
-0.060418,167,94227.443465,collision
2.372486,73,94247.311738,goal_reached
-0.892302,83,94269.240691,collision
0.505836,74,94289.360891,collision
3.298039,99,94314.578533,goal_reached
4.12433,140,94348.084343,goal_reached
-1.393461,140,94381.597081,collision
-0.077239,71,94401.026165,collision
1.245668,140,94434.492554,goal_reached
-0.480526,40,94447.827597,collision
-5.2545,94,94472.345326,collision
-0.353532,91,94495.825633,collision
3.162799,84,94517.978569,goal_reached
-0.976762,60,94535.296409,collision
-1.032655,32,94546.813673,collision
3.734826,104,94572.932967,goal_reached
1.421259,144,94607.285026,goal_reached
3.702899,104,94633.49127,goal_reached
-0.352956,85,94655.909763,collision
-4.128593,127,95052.541597,collision
2.542135,91,95076.110811,goal_reached
-0.45158,121,95105.867003,collision
0.014886,52,95121.509484,collision
-0.352109,48,95136.27233,collision
-0.060886,55,95152.487714,collision
-0.331879,83,95174.500587,collision
-0.909684,29,95185.424138,collision
2.92931,88,95208.274528,goal_reached
4.183056,117,95237.183653,goal_reached
-0.721217,30,95248.424264,collision
2.178256,145,95282.83009,goal_reached
-0.426214,45,95297.03633,collision
4.104516,121,95326.663461,goal_reached
0.219353,86,95349.232787,collision
3.902146,103,95375.183047,goal_reached
-0.582726,44,95389.237967,collision
3.299965,114,95417.36227,goal_reached
-0.865985,163,95455.378838,collision
3.529758,104,95481.529212,goal_reached
-0.720246,38,95494.441914,collision
0.48575,66,95513.015177,collision
-0.344558,45,95527.248119,collision
3.552423,75,95547.468271,goal_reached
3.083532,79,95568.694636,goal_reached
-0.084157,55,95584.963655,collision
-0.162728,46,95599.327766,collision
0.555114,85,95621.6246,collision
2.214086,159,95658.90174,goal_reached
2.277051,167,95698.024843,goal_reached
3.413894,121,95727.676967,goal_reached
2.715515,157,95764.619152,goal_reached
2.036203,154,95800.975272,goal_reached
0.12686,57,95817.659133,collision
3.387105,86,95840.164425,goal_reached
0.471414,99,95865.395214,collision
-0.855934,38,95878.134482,collision
-0.557357,67,95896.783519,collision
3.01524,102,95922.465009,goal_reached
-0.813496,80,95943.883011,collision
-1.230965,142,95977.689429,collision
3.518873,95,96001.954491,goal_reached
3.994991,129,96033.215608,goal_reached
-0.430498,41,96046.695771,collision
2.162265,74,96066.718159,goal_reached
-0.594887,42,96080.356871,collision
-0.547145,41,96093.686226,collision
0.204123,103,96119.633816,collision
-0.888371,36,96131.971872,collision
-1.215568,64,96150.034856,collision
-0.292726,45,96164.240392,collision
-0.985896,35,96176.523732,collision
-0.650114,40,96189.665872,collision
-0.973547,31,96200.981834,collision
0.452769,78,96221.849555,collision
2.351632,113,96249.816848,goal_reached
2.641191,156,96286.515636,goal_reached
0.148719,63,96304.383322,collision
0.365044,65,96322.658799,collision
-0.531709,43,96336.532293,collision
3.559241,175,97008.214007,goal_reached
0.012988,88,97031.230559,collision
3.079011,94,97055.328177,goal_reached
3.755447,100,97080.729232,goal_reached
0.305802,64,97098.859924,collision
-0.461226,42,97112.44989,collision
0.62478,73,97132.297923,collision
3.654772,105,97158.648121,goal_reached
2.948501,79,97179.798911,goal_reached
-0.898444,32,97191.496616,collision
3.334838,96,97216.045664,goal_reached
3.255546,119,97245.405197,goal_reached
0.519273,112,97273.294934,collision
3.084648,109,97300.433526,goal_reached
3.812605,109,97327.742965,goal_reached
2.776269,101,97353.39893,goal_reached
2.677074,156,97390.201646,goal_reached
-0.759846,65,97408.509073,collision
2.813766,106,97435.00478,goal_reached
-0.239162,50,97450.305321,collision
0.003084,56,97466.706693,collision
2.988775,97,97491.385227,goal_reached
-0.96019,30,97502.685124,collision
4.293124,92,97526.339211,goal_reached
3.081156,90,97549.741085,goal_reached
-0.229519,44,97563.871494,collision
3.011095,85,97586.317807,goal_reached
0.774694,119,97615.582808,collision
3.070753,95,97639.880579,goal_reached
2.042278,89,97663.066539,goal_reached
0.215841,162,97701.037272,collision
2.717629,88,97723.846645,goal_reached
2.778866,68,97742.717056,goal_reached
-0.811836,26,97753.105622,collision
-0.014267,55,97769.373577,collision
4.207066,91,97793.029437,goal_reached
3.912826,105,97819.439106,goal_reached
0.352992,74,97839.57391,collision
-0.84742,31,97850.871783,collision
3.382771,102,97876.642212,goal_reached
3.351851,109,97903.876128,goal_reached
3.00788,60,97921.180935,goal_reached
3.943042,106,97947.799683,goal_reached
-1.152413,36,97960.213336,collision
3.565127,95,97984.518627,goal_reached
-0.247124,85,98006.984861,collision
0.254657,65,98025.31708,collision
-0.552041,36,98037.62897,collision
-0.569986,37,98050.087487,collision
3.778962,78,98070.955645,goal_reached
-0.98381,123,98100.977854,collision
3.112706,178,98142.062264,goal_reached
3.254017,77,98162.834004,goal_reached
2.710146,222,98212.97385,goal_reached
3.097005,138,98245.951148,goal_reached
-1.002469,27,98256.587619,collision
-0.971573,28,98267.329851,collision
2.97051,117,98296.129371,goal_reached
-0.8725,57,98691.734164,collision
0.337153,72,98711.523746,collision
-0.344819,44,98725.508393,collision
-0.737811,29,98736.492772,collision
3.095961,70,98755.70149,goal_reached
-0.256696,43,98769.556595,collision
0.479036,71,98788.977038,collision
3.740833,80,98810.256768,goal_reached
3.040468,96,98834.882801,goal_reached
0.930323,85,98857.234468,collision
0.488055,173,98897.355405,goal_reached
4.108663,119,98926.630354,goal_reached
-2.12213,277,98987.983982,collision
2.832917,77,99008.619269,goal_reached
3.189192,65,99026.949609,goal_reached
-0.089866,50,99042.234148,collision
4.339566,94,99066.386327,goal_reached
-0.042358,46,99080.85907,collision
-0.286195,57,99097.505558,collision
3.161542,66,99115.973558,goal_reached
-0.942121,57,99132.677974,collision
1.795041,129,99163.909275,goal_reached
-0.659333,64,99182.015249,collision
-0.268264,54,99198.060057,collision
-0.312905,91,99221.52929,collision
3.876336,78,99242.349659,goal_reached
2.914813,66,99260.856553,goal_reached
3.523176,87,99283.623844,goal_reached
-0.891809,35,99295.918265,collision
3.189725,91,99319.397121,goal_reached
-0.257046,43,99333.260157,collision
2.413514,172,99373.164702,goal_reached
0.605319,89,99396.351031,collision
3.638026,84,99418.397352,goal_reached
-0.218725,55,99434.672382,collision
3.866332,77,99455.340503,goal_reached
-0.046201,54,99471.4425,collision
2.378691,109,99498.618299,goal_reached
4.14941,96,99523.111573,goal_reached
2.295015,72,99542.892725,goal_reached
3.803813,76,99563.407576,goal_reached
2.774292,188,99606.672429,goal_reached
2.95979,102,99632.520625,goal_reached
3.418351,79,99653.698186,goal_reached
3.390108,84,99675.79493,goal_reached
2.95389,97,99700.578227,goal_reached
0.619654,68,99719.565095,collision
2.316069,86,99742.041168,goal_reached
4.057558,90,99765.431643,goal_reached
3.635921,73,99785.384005,goal_reached
2.901254,124,99815.71556,goal_reached
3.403968,97,99840.565869,goal_reached
0.192085,109,99867.778513,collision
3.78515,84,99889.864743,goal_reached
-0.371358,44,99903.935193,collision
4.359975,90,99927.25607,goal_reached
2.941096,141,99961.110418,goal_reached
-0.41135,72,99980.903276,collision
2.952569,149,100480.279622,goal_reached
1.962747,156,100517.019698,goal_reached
3.908397,129,100548.346254,goal_reached
3.056679,81,100569.858426,goal_reached
-0.064626,56,100586.406015,collision
-0.582183,32,100598.12024,collision
3.665976,85,100620.416605,goal_reached
0.352565,82,100642.181529,collision
4.205524,103,100668.101364,goal_reached
3.791846,86,100690.642229,goal_reached
-0.732017,37,100703.277805,collision
3.426105,85,100725.573094,goal_reached
-1.664762,191,100769.448392,collision
3.752156,96,100793.909894,goal_reached
3.512548,120,100823.33867,goal_reached
-1.511581,106,100849.951164,collision
-0.035757,61,100867.379674,collision
-0.022186,67,100886.07725,collision
-0.259643,50,100901.374081,collision
0.825004,86,100923.805669,collision
2.523042,97,100948.480481,goal_reached
3.800345,79,100969.683818,goal_reached
2.367377,76,100990.246253,goal_reached
0.188358,118,101019.300491,collision
3.185703,122,101049.046427,goal_reached
3.660389,118,101078.131792,goal_reached
2.752107,137,101111.068786,goal_reached
3.054841,71,101130.629232,goal_reached
3.270339,132,101162.578945,goal_reached
-1.649899,64,101180.733168,collision
3.704492,87,101203.389801,goal_reached
3.00159,117,101232.302662,goal_reached
-1.099266,70,101251.633868,collision
3.744269,82,101273.345712,goal_reached
3.467819,86,101295.9363,goal_reached
0.215944,60,101313.246927,collision
0.14805,67,101331.919513,collision
3.718796,87,101354.593969,goal_reached
2.842923,69,101373.684068,goal_reached
-1.185706,47,101388.35998,collision
2.551658,131,101419.819004,goal_reached
0.525988,67,101438.640949,collision
2.763714,134,101470.939724,goal_reached
0.012797,54,101487.112343,collision
3.656933,135,101519.389115,goal_reached
3.634704,76,101539.96963,goal_reached
0.659171,160,101577.503381,collision
-0.152096,110,101604.850288,collision
-0.510594,44,101618.83179,collision
-0.558226,48,101633.653872,collision
0.333327,61,101651.029731,collision
4.234262,97,101675.706382,goal_reached
0.732843,148,101710.832131,collision
3.102212,61,101728.277538,goal_reached
0.306808,59,101745.403566,collision
3.002037,104,102319.753932,goal_reached
3.186265,65,102338.063265,goal_reached
3.913139,108,102365.150658,goal_reached
2.614881,180,102406.79407,goal_reached
2.961408,149,102442.080093,goal_reached
-0.898442,66,102460.684337,collision
3.120884,95,102485.10076,goal_reached
3.788641,109,102512.291203,goal_reached
3.932368,123,102542.409458,goal_reached
3.998491,102,102568.265311,goal_reached
0.474355,63,102586.17846,collision
3.517058,91,102609.714319,goal_reached
-0.682252,31,102621.164326,collision
3.460617,150,102656.675129,goal_reached
3.595552,86,102679.255494,goal_reached
0.89443,94,102703.477909,collision
1.728664,199,102748.928712,goal_reached
3.373944,106,102775.538597,goal_reached
2.586544,99,102800.673404,goal_reached
-0.633925,36,102813.129302,collision
0.277368,71,102832.576006,collision
4.12505,116,102861.121165,goal_reached
2.722141,73,102881.103721,goal_reached
0.553243,64,102899.190417,collision
-0.629939,32,102910.69614,collision
0.562892,78,102931.585967,collision
1.995162,120,102961.054466,goal_reached
0.501171,83,102983.126808,collision
-0.809959,40,102996.422071,collision
0.565078,64,103014.408942,collision
-0.8066,34,103026.329382,collision
3.040812,175,103066.776917,goal_reached
1.099818,134,103099.174632,collision
3.161612,118,103128.080081,goal_reached
-1.103705,132,103159.999656,collision
1.853519,139,103193.306241,goal_reached
-0.143413,51,103208.829436,collision
-0.141706,55,103225.040678,collision
-0.196226,53,103240.827994,collision
1.643653,125,103271.216068,goal_reached
2.756814,83,103293.179558,goal_reached
-0.870476,37,103305.862071,collision
-0.917783,32,103317.44648,collision
-0.087107,46,103331.852026,collision
-0.109844,44,103345.962288,collision
0.102663,58,103362.771364,collision
3.751132,98,103387.669834,goal_reached
2.948387,61,103405.186498,goal_reached
4.102847,98,103430.222628,goal_reached
0.311008,70,103449.621337,collision
-0.176643,50,103464.907645,collision
2.609672,81,103491.840821,goal_reached
-0.598554,39,103504.951472,collision
-0.359465,48,103519.770173,collision
-0.844087,32,103531.389413,collision
2.482683,69,103550.412847,goal_reached
-0.929552,32,103562.046821,collision
1.704923,175,103602.563206,goal_reached
3.642306,137,104137.041532,goal_reached
-0.444883,45,104151.292893,collision
0.288813,63,104169.185618,collision
-0.889684,32,104180.873586,collision
0.064326,74,104201.17603,collision
2.231723,78,104222.167337,goal_reached
0.140535,59,104239.447506,collision
2.41968,74,104259.763351,goal_reached
1.859355,203,104306.621686,goal_reached
-0.684293,36,104319.227555,collision
3.093153,72,104338.892245,goal_reached
-0.984342,75,104359.242144,collision
3.707475,142,104393.073347,goal_reached
3.082105,62,104410.770841,goal_reached
4.246629,98,104435.798364,goal_reached
1.021693,80,104457.156868,collision
0.167459,63,104474.976633,collision
-0.70953,37,104487.5327,collision
0.224486,52,104503.144955,collision
-1.015688,30,104514.265714,collision
-0.39114,49,104529.345076,collision
-0.727222,35,104541.45578,collision
4.187488,105,104567.854532,goal_reached
-0.519111,65,104586.170419,collision
2.929611,67,104604.802859,goal_reached
3.229549,124,104635.155292,goal_reached
-0.115873,46,104649.652985,collision
2.352241,177,104690.559088,goal_reached
0.62348,91,104714.215734,collision
3.809013,112,104741.910277,goal_reached
0.610269,120,104771.34461,collision
3.113076,60,104788.600369,goal_reached
0.401856,72,104808.359976,collision
3.153599,110,104835.7413,goal_reached
2.79962,118,104864.839857,goal_reached
3.868874,99,104890.077185,goal_reached
3.822211,93,104914.096363,goal_reached
3.005686,64,104932.249459,goal_reached
3.708488,154,104968.594324,goal_reached
3.886864,87,104991.38417,goal_reached
-1.198944,93,105015.426937,collision
4.020079,99,105040.567288,goal_reached
2.57419,169,105080.070186,goal_reached
0.30735,96,105104.651876,collision
-0.359493,41,105118.045349,collision
2.893178,78,105138.903279,goal_reached
3.678947,99,105164.151423,goal_reached
3.798047,102,105190.007209,goal_reached
2.974391,59,105207.104975,goal_reached
-0.630207,34,105219.197951,collision
4.275423,106,105245.798396,goal_reached
-0.610734,31,105257.251953,collision
2.132821,118,105286.260827,goal_reached
3.01227,61,105303.756901,goal_reached
2.926608,80,105325.137599,goal_reached
2.655553,99,105350.392636,goal_reached
0.578639,71,105369.960931,collision
4.350456,92,105393.721308,goal_reached
-5.371136,434,106009.135695,no_progress
-0.625038,29,106020.154956,collision
2.207588,135,106052.575384,goal_reached
-0.715172,33,106064.394284,collision
2.787169,71,106083.839087,goal_reached
3.443484,90,106107.244487,goal_reached
-0.025803,70,106126.666405,collision
0.056455,56,106143.174724,collision
-0.337612,42,106156.717722,collision
4.03461,98,106181.662338,goal_reached
3.079692,70,106201.015338,goal_reached
0.204549,66,106219.56898,collision
3.793486,100,106244.870499,goal_reached
-0.407637,42,106258.515678,collision
0.552241,75,106278.781141,collision
-0.148322,45,106293.071754,collision
-0.687502,29,106304.033484,collision
3.820799,81,106325.488695,goal_reached
0.049058,91,106349.136242,collision
3.507518,170,106388.617926,goal_reached
-0.699866,31,106399.965812,collision
2.531281,111,106427.504107,goal_reached
3.050711,91,106451.133533,goal_reached
3.446785,130,106482.690357,goal_reached
3.406774,85,106505.09532,goal_reached
-0.430814,43,106518.972755,collision
-0.860185,44,106532.955101,collision
-1.424557,272,106593.126471,collision
-1.008369,80,106614.515524,collision
0.087447,92,106638.21356,collision
2.996551,124,106668.318924,goal_reached
-0.491891,58,106685.216254,collision
3.020187,58,106702.077442,goal_reached
2.250597,86,106724.627708,goal_reached
3.645158,96,106749.367906,goal_reached
3.703296,117,106778.214711,goal_reached
-0.869432,52,106793.877456,collision
2.900352,100,106819.246369,goal_reached
3.001017,94,106843.472335,goal_reached
4.213191,93,106867.51272,goal_reached
-0.526015,42,106881.195551,collision
2.064543,103,106907.087968,goal_reached
3.275757,107,106933.927305,goal_reached
3.069189,103,106960.022746,goal_reached
-0.808588,30,106971.257712,collision
-0.282466,42,106984.797335,collision
-0.877032,30,106995.947033,collision
-1.495988,197,107040.949329,collision
0.267726,78,107061.836671,collision
-0.126161,56,107078.277187,collision
-0.832354,28,107089.141832,collision
4.282663,93,107113.04091,goal_reached
4.093975,100,107138.4535,goal_reached
-1.102714,37,107151.117612,collision
-2.194683,161,107188.871786,collision
2.108405,206,107235.703769,goal_reached
-0.747594,43,107249.573491,collision
0.289691,45,107636.748915,collision
0.162899,72,107656.410193,collision
0.602722,113,107684.441182,collision
0.75524,75,107704.712651,collision
1.123548,148,107739.801883,collision
-0.277535,50,107755.049344,collision
-0.234438,39,107768.133991,collision
-0.219473,39,107781.089375,collision
-0.425641,42,107794.6457,collision
4.370448,109,107821.795535,goal_reached
-0.205873,48,107836.768955,collision
2.744181,129,107868.03511,goal_reached
2.262736,97,107892.877394,goal_reached
-0.279154,96,107917.505325,collision
-0.391119,39,107930.451837,collision
3.867804,80,107951.696476,goal_reached
3.232661,87,107974.478392,goal_reached
3.330679,116,108003.215825,goal_reached
-0.777694,45,108017.563706,collision
0.207448,72,108037.228835,collision
2.580915,99,108062.301254,goal_reached
0.709517,99,108087.620472,goal_reached
0.955446,86,108110.23403,collision
-0.245008,43,108124.05549,collision
4.354472,96,108148.749318,goal_reached
-0.264816,43,108162.696985,collision
2.018954,84,108184.773267,goal_reached
4.175432,90,108208.233112,goal_reached
-0.772064,37,108220.897344,collision
0.611842,61,108238.31789,collision
-0.728594,46,108252.742864,collision
0.104839,72,108272.42123,collision
3.210353,154,108308.614898,goal_reached
3.876318,98,108333.627388,goal_reached
3.423118,90,108357.023957,goal_reached
-1.115368,38,108369.893643,collision
-0.582726,75,108390.135602,collision
3.756497,81,108411.704513,goal_reached
-1.105789,39,108424.745755,collision
-0.999851,32,108436.296494,collision
2.003264,108,108463.296255,goal_reached
3.698677,85,108485.827333,goal_reached
-0.79348,41,108499.284809,collision
2.446885,82,108520.990631,goal_reached
0.351872,57,108537.629421,collision
-0.66966,54,108553.71921,collision
4.181615,104,108579.869748,goal_reached
3.300669,107,108606.758747,goal_reached
1.694703,107,108633.64431,goal_reached
2.207879,103,108659.680324,goal_reached
4.021429,124,108690.005168,goal_reached
-0.321179,43,108703.857812,collision
0.303013,58,108720.702299,collision
3.038859,67,108739.299953,goal_reached
3.336599,113,108767.407777,goal_reached
2.764552,96,108792.012827,goal_reached
2.31814,74,108812.152453,goal_reached
4.226689,89,108835.344169,goal_reached
3.765872,115,108863.797266,goal_reached
-0.946228,34,108875.821758,collision
3.567875,88,108898.709407,goal_reached
4.275138,94,108922.958462,goal_reached
1.077982,90,108946.41494,collision
4.151638,168,109410.538934,goal_reached
3.028804,114,109438.804898,goal_reached
-0.552694,38,109451.655807,collision
-0.999522,26,109461.962119,collision
3.752459,94,109486.042958,goal_reached
-0.465532,35,109498.282566,collision
0.6861,173,109538.411515,collision
0.345271,61,109555.795489,collision
2.853657,112,109583.532209,goal_reached
-0.356426,49,109598.591771,collision
-0.537285,152,109634.432446,collision
-0.657667,34,109646.381159,collision
3.146129,68,109665.179554,goal_reached
3.033419,63,109683.126996,goal_reached
3.580204,101,109708.804033,goal_reached
-0.596993,35,109721.093164,collision
1.061623,376,109802.282553,goal_reached
0.209295,61,109819.848174,collision
-1.067666,61,109837.356659,collision
0.061189,51,109852.752546,collision
-0.34499,57,109869.372173,collision
2.891212,75,109889.633883,goal_reached
1.352825,110,109917.050745,goal_reached
2.860527,94,109941.235658,goal_reached
3.881046,109,109968.520062,goal_reached
4.053897,106,109995.095443,goal_reached
-0.267735,45,110009.424775,collision
2.169729,99,110034.613493,goal_reached
3.049594,113,110062.735028,goal_reached
3.194261,102,110088.58044,goal_reached
2.976139,65,110106.881551,goal_reached
-0.400019,194,110151.373455,collision
0.455232,64,110169.369951,collision
0.185015,83,110191.333388,collision
-0.779274,28,110202.046149,collision
2.672157,95,110226.319308,goal_reached
-0.685813,53,110242.236496,collision
4.220894,99,110267.309884,goal_reached
-0.763576,36,110279.851828,collision
1.255187,80,110301.272258,collision
2.978576,129,110332.4696,goal_reached
-0.118219,50,110347.775697,collision
0.623832,333,110420.514539,goal_reached
3.525172,80,110441.812857,goal_reached
0.228623,66,110460.451894,collision
-0.12704,67,110479.221018,collision
3.208562,91,110502.67019,goal_reached
-0.461981,73,110522.716853,collision
4.249811,99,110547.919665,goal_reached
3.495082,75,110568.333318,goal_reached
2.037655,124,110598.611868,goal_reached
0.026854,97,110623.334169,collision
-0.940898,82,110645.153154,collision
-0.44533,46,110659.492452,collision
-0.932975,133,111136.503702,collision
-0.801576,38,111149.228907,collision
3.918534,104,111175.328141,goal_reached
0.055754,49,111190.403801,collision
2.627904,89,111213.513707,goal_reached
2.350232,94,111237.704853,goal_reached
-0.685481,81,111259.290977,collision
3.89103,79,111280.348639,goal_reached
2.339963,109,111307.564778,goal_reached
4.132215,96,111332.167861,goal_reached
-0.843246,34,111344.229973,collision
1.623194,107,111371.127181,goal_reached
-0.628541,30,111382.384091,collision
0.184475,49,111397.359078,collision
0.063255,54,111413.365658,collision
-0.46029,33,111425.210209,collision
4.186293,119,111454.403398,goal_reached
-0.847607,32,111466.027931,collision
-0.625656,38,111478.785463,collision
-0.750063,60,111496.124851,collision
-0.063295,58,111513.117973,collision
-0.469807,43,111527.004603,collision
-0.519366,40,111540.173991,collision
4.22741,90,111563.431241,goal_reached
-0.523031,49,111578.59169,collision
2.823234,69,111597.668668,goal_reached
-0.067238,49,111612.738142,collision
3.333387,90,111636.046343,goal_reached
-0.616214,40,111649.367473,collision
-0.570886,34,111661.461854,collision
0.826073,80,111682.739495,collision
-0.370077,94,111706.883223,collision
-0.342171,55,111723.223217,collision
-0.572814,41,111736.55651,collision
3.646689,72,111756.232899,goal_reached
2.273703,148,111791.43296,goal_reached
-0.329072,60,111808.831381,collision
3.487193,79,111829.951961,goal_reached
0.322172,59,111847.038226,collision
-0.816476,41,111860.423908,collision
-0.366274,43,111874.227705,collision
0.227639,56,111890.635662,collision
-0.492405,69,111909.705986,collision
-0.821932,32,111921.257934,collision
-1.088577,40,111934.39827,collision
-0.56632,51,111949.796132,collision
2.139959,99,111974.94844,goal_reached
2.235498,130,112006.476326,goal_reached
-0.883592,33,112018.359431,collision
0.086766,187,112061.290909,collision
3.786466,118,112090.381123,goal_reached
2.988569,161,112128.232143,goal_reached
3.168465,62,112145.969771,goal_reached
-0.390537,42,112159.702434,collision
-0.335715,39,112172.677218,collision
-0.066382,52,112188.405899,collision
1.374749,93,112212.280544,goal_reached
3.24078,86,112234.865957,goal_reached
-0.567743,41,112248.399377,collision
2.172213,104,112274.530465,goal_reached
-0.212012,58,112291.435951,collision
3.465093,88,112314.338888,goal_reached
2.623355,120,112343.834469,goal_reached
4.289442,96,112368.484387,goal_reached
-1.323968,68,112387.298162,collision
2.305228,113,112415.288983,goal_reached
-0.367967,47,112430.025416,collision
-0.4146,45,112444.321787,collision
0.390486,72,112464.083536,collision
3.864339,118,112493.109945,goal_reached
2.621828,176,112930.583925,goal_reached
3.463025,79,112951.743095,goal_reached
-1.022369,35,112963.979826,collision
4.225184,96,112988.488506,goal_reached
3.502643,79,113009.695332,goal_reached
2.96451,76,113030.263847,goal_reached
-0.502593,37,113042.924731,collision
-0.564283,46,113057.342951,collision
-0.491213,42,113070.909324,collision
-0.362222,62,113088.742516,collision
-0.495554,154,113125.133692,collision
3.723952,94,113149.274977,goal_reached
3.845796,103,113175.340177,goal_reached
4.25009,99,113200.507557,goal_reached
-0.605728,32,113212.24356,collision
4.280242,99,113237.383611,goal_reached
3.802261,79,113258.589818,goal_reached
-0.973299,35,113270.821337,collision
4.148,90,113294.094568,goal_reached
-0.688973,41,113307.561658,collision
-0.51801,41,113320.965684,collision
-0.045008,103,113346.896476,collision
0.376622,209,113394.393045,collision
-0.207359,46,113408.874823,collision
-1.024469,34,113420.818546,collision
-0.874927,30,113431.911001,collision
-0.599737,44,113445.867325,collision
1.899066,211,113493.614131,goal_reached
-0.173583,111,113521.25107,collision
1.972431,140,113554.554805,goal_reached
0.360521,66,113573.058716,collision
-0.528951,40,113586.229544,collision
3.632843,82,113607.884689,goal_reached
2.895781,124,113638.206362,goal_reached
3.895672,100,113663.697827,goal_reached
-0.657123,36,113676.132097,collision
1.687795,229,113727.641167,goal_reached
0.661471,93,113751.622662,collision
4.296557,100,113776.965484,goal_reached
3.043672,75,113797.311417,goal_reached
-0.265306,218,113846.719419,goal_reached
-2.108594,82,113868.57889,collision
-0.347255,44,113882.671821,collision
1.307797,291,113946.628716,goal_reached
3.385858,85,113969.028063,goal_reached
2.867708,82,113990.769156,goal_reached
-1.058705,76,114011.42261,collision
-0.412956,74,114031.482404,collision
3.158502,79,114052.516355,goal_reached
-0.2773,44,114066.624585,collision
0.092217,166,114105.364477,goal_reached
3.158652,83,114127.350933,goal_reached
0.244037,62,114145.092529,collision
-0.419862,56,114161.521922,collision
-0.048353,133,114580.166873,collision
3.357308,116,114608.629651,goal_reached
3.306385,177,114649.647344,goal_reached
2.450104,131,114681.373779,goal_reached
0.371477,84,114703.472168,collision
4.183644,114,114731.604917,goal_reached
-0.926958,50,114746.936593,collision
-0.356096,54,114762.930217,collision
-0.445886,45,114777.102023,collision
1.714931,109,114804.22942,goal_reached
0.426075,77,114824.971842,collision
-0.48959,41,114838.341591,collision
-0.547364,36,114850.698455,collision
-0.438026,48,114865.505616,collision
4.28745,106,114892.13362,goal_reached
3.529479,120,114921.586814,goal_reached
1.048523,176,114962.456307,goal_reached
-0.755188,70,114981.720582,collision
-1.055651,226,115032.696948,collision
-0.215475,46,115047.132357,collision
-0.692603,31,115058.513868,collision
-0.428031,41,115071.903657,collision
3.574586,85,115094.159314,goal_reached
3.507156,103,115120.204076,goal_reached
-0.96538,32,115131.8658,collision
-0.103924,49,115146.877431,collision
0.077952,67,115165.531965,collision
-1.775347,49,115180.594981,collision
0.336254,75,115200.862679,collision
3.086314,95,115225.165166,goal_reached
3.727973,94,115249.358004,goal_reached
-0.832312,29,115260.45863,collision
-0.024719,75,115280.730031,collision
2.902387,87,115303.463326,goal_reached
-0.370604,93,115327.441101,collision
3.822241,117,115356.178953,goal_reached
-3.771129,261,115414.109961,no_progress
4.199022,112,115441.940653,goal_reached
-0.194567,63,115459.868264,collision
0.312458,62,115477.476536,collision
-0.704293,49,115492.460371,collision
-0.061387,51,115507.888406,collision
2.642428,90,115531.215982,goal_reached
-0.722366,28,115542.043813,collision
1.097878,153,115578.123462,goal_reached
-0.953632,72,115597.887657,collision
0.984344,78,115618.691409,collision
3.532743,107,115645.437873,goal_reached
-0.836495,50,115660.701179,collision
3.404008,121,115690.239471,goal_reached
-0.198152,79,115711.415519,collision
-0.789086,36,115723.769271,collision
-1.025338,38,115736.518207,collision
2.666876,112,115764.329977,goal_reached
3.58358,74,115784.331513,goal_reached
-1.079772,32,115796.000039,collision
-0.38373,39,115808.965183,collision
-1.028842,28,115819.75456,collision
3.08699,76,115840.348388,goal_reached
0.766406,81,115861.943062,collision
2.799135,92,115885.629944,goal_reached
2.265382,106,116326.912139,goal_reached
-1.081335,31,116338.334437,collision
-0.463833,78,116359.228007,collision
-0.816336,39,116372.222198,collision
1.295432,101,116397.87884,goal_reached
4.257626,91,116421.486218,goal_reached
3.527347,94,116445.694851,goal_reached
3.16482,142,116479.654871,goal_reached
-0.64614,34,116491.721171,collision
3.925384,111,116519.235958,goal_reached
-0.682107,85,116541.689618,collision
0.043332,50,116557.013407,collision
1.062787,140,116590.429731,goal_reached
2.22968,73,116610.397074,goal_reached
-0.494389,68,116629.392446,collision
-0.427929,63,116647.308525,collision
2.591897,109,116674.431835,goal_reached
2.745069,103,116700.464628,goal_reached
-0.639728,33,116712.31944,collision
3.475594,104,116738.491788,goal_reached
4.172708,102,116764.36362,goal_reached
0.308139,69,116783.500019,collision
0.411766,58,116800.352514,collision
-0.256415,68,116819.220759,collision
0.769259,93,116843.134602,collision
2.712822,357,116920.496288,goal_reached
4.218163,98,116945.431588,goal_reached
3.206036,267,117004.854455,goal_reached
-0.400924,48,117019.703835,collision
-0.287128,45,117033.922191,collision
2.837437,94,117058.102649,goal_reached
3.108362,73,117078.083764,goal_reached
3.730815,97,117103.002005,goal_reached
0.788382,82,117124.88552,collision
3.859672,108,117151.907322,goal_reached
-0.108088,45,117166.222936,collision
-0.697879,28,117176.999858,collision
-0.700379,40,117190.23416,collision
0.118412,60,117207.697239,collision
1.601185,168,117247.092638,goal_reached
-0.646045,210,117294.98368,collision
-0.151693,75,117315.297207,collision
-0.591728,67,117334.109626,collision
-1.34248,32,117345.734922,collision
-0.153216,51,117361.307955,collision
3.027032,69,117380.352282,goal_reached
